"ProteinName","PeptideModifiedSequence","PrecursorMz","PrecursorCharge","PrecursorId","RT_mean","RT_sd","lowerlimit","higherlimit","CollisionEnergy","ProductMz","ProductCharge","FragmentIon","FragmentIonType","IsotopeDistIndex","IsotopeDistRank","IsotopeDistProportion","FullScanFilterWidth"
"peptides1","AAAANIVPNSTGAAK",678.367515,2,"AAAANIVPNSTGAAK2",1.28654087,0.071363955,678.3654799,678.3695501,0,678.367515,2,"precursor","precursor",0,1,0.4725,0.00407
"peptides1","AAAANIVPNSTGAAK",678.367515,2,"AAAANIVPNSTGAAK2",1.28654087,0.071363955,678.3654799,678.3695501,0,678.868933,2,"precursor [M+1]","precursor",1,2,0.3055,0.004073
"peptides1","AAAANIVPNSTGAAK",678.367515,2,"AAAANIVPNSTGAAK2",1.28654087,0.071363955,678.3654799,678.3695501,0,679.370246,2,"precursor [M+2]","precursor",2,3,0.1126,0.004076
"peptides1","AAAANIVPNSTGAAK",678.367515,2,"AAAANIVPNSTGAAK2",1.28654087,0.071363955,678.3654799,678.3695501,0,679.871519,2,"precursor [M+3]","precursor",3,4,0.0316,0.004079
"peptides1","AAAENIIPNSTGAAK",714.37808,2,"AAAENIIPNSTGAAK2",1.39886413,0.043849373,714.3759369,714.3802231,0,714.37808,2,"precursor","precursor",0,1,0.4549,0.004286
"peptides1","AAAENIIPNSTGAAK",714.37808,2,"AAAENIIPNSTGAAK2",1.39886413,0.043849373,714.3759369,714.3802231,0,714.879511,2,"precursor [M+1]","precursor",1,2,0.3096,0.004289
"peptides1","AAAENIIPNSTGAAK",714.37808,2,"AAAENIIPNSTGAAK2",1.39886413,0.043849373,714.3759369,714.3802231,0,715.380834,2,"precursor [M+2]","precursor",2,3,0.1246,0.004292
"peptides1","AAAENIIPNSTGAAK",714.37808,2,"AAAENIIPNSTGAAK2",1.39886413,0.043849373,714.3759369,714.3802231,0,715.882116,2,"precursor [M+3]","precursor",3,4,0.0355,0.004295
"peptides1","AAAFEGELIPASQIDR",844.436126,2,"AAAFEGELIPASQIDR2",2.056708298,0.039932236,844.4335927,844.4386593,0,844.436126,2,"precursor","precursor",0,1,0.384,0.005067
"peptides1","AAAFEGELIPASQIDR",844.436126,2,"AAAFEGELIPASQIDR2",2.056708298,0.039932236,844.4335927,844.4386593,0,844.93758,2,"precursor [M+1]","precursor",1,2,0.3216,0.00507
"peptides1","AAAFEGELIPASQIDR",844.436126,2,"AAAFEGELIPASQIDR2",2.056708298,0.039932236,844.4335927,844.4386593,0,845.438945,2,"precursor [M+2]","precursor",2,3,0.1531,0.005073
"peptides1","AAAFEGELIPASQIDR",844.436126,2,"AAAFEGELIPASQIDR2",2.056708298,0.039932236,844.4335927,844.4386593,0,845.940264,2,"precursor [M+3]","precursor",3,4,0.0623,0.005076
"peptides1","AAAFEGELIPASQIDR",844.436126,2,"AAAFEGELIPASQIDR2",2.056708298,0.039932236,844.4335927,844.4386593,0,846.441554,2,"precursor [M+4]","precursor",4,5,0.0166,0.005079
"peptides1","AAIEAAGGKIEE",579.803685,2,"AAIEAAGGKIEE2",1.344882083,0.051135045,579.8019456,579.8054244,0,579.803685,2,"precursor","precursor",0,1,0.5275,0.003479
"peptides1","AAIEAAGGKIEE",579.803685,2,"AAIEAAGGKIEE2",1.344882083,0.051135045,579.8019456,579.8054244,0,580.305147,2,"precursor [M+1]","precursor",1,2,0.2934,0.003482
"peptides1","AAIEAAGGKIEE",579.803685,2,"AAIEAAGGKIEE2",1.344882083,0.051135045,579.8019456,579.8054244,0,580.806462,2,"precursor [M+2]","precursor",2,3,0.0974,0.003485
"peptides1","AAIEAAGGKIEE",579.803685,2,"AAIEAAGGKIEE2",1.344882083,0.051135045,579.8019456,579.8054244,0,581.307741,2,"precursor [M+3]","precursor",3,4,0.0249,0.003488
"peptides1","AATSVKDANFVEEVEEE",933.93381,2,"AATSVKDANFVEEVEEE2",1.971623043,0.028894715,933.9310082,933.9366118,0,933.93381,2,"precursor","precursor",0,1,0.3577,0.005604
"peptides1","AATSVKDANFVEEVEEE",933.93381,2,"AATSVKDANFVEEVEEE2",1.971623043,0.028894715,933.9310082,933.9366118,0,934.435292,2,"precursor [M+1]","precursor",1,2,0.3205,0.005607
"peptides1","AATSVKDANFVEEVEEE",933.93381,2,"AATSVKDANFVEEVEEE2",1.971623043,0.028894715,933.9310082,933.9366118,0,934.936664,2,"precursor [M+2]","precursor",2,3,0.1884,0.00561
"peptides1","AATSVKDANFVEEVEEE",933.93381,2,"AATSVKDANFVEEVEEE2",1.971623043,0.028894715,933.9310082,933.9366118,0,935.437989,2,"precursor [M+3]","precursor",3,4,0.0728,0.005613
"peptides1","AATSVKDANFVEEVEEE",933.93381,2,"AATSVKDANFVEEVEEE2",1.971623043,0.028894715,933.9310082,933.9366118,0,935.939283,2,"precursor [M+4]","precursor",4,5,0.0221,0.005616
"peptides1","AAVEEGVVPGGGVALVR",527.298261,3,"AAVEEGVVPGGGVALVR3",1.82955875,0.021209253,527.2966791,527.2998429,0,527.298261,3,"precursor","precursor",0,1,0.4084,0.003164
"peptides1","AAVEEGVVPGGGVALVR",527.298261,3,"AAVEEGVVPGGGVALVR3",1.82955875,0.021209253,527.2966791,527.2998429,0,527.632554,3,"precursor [M+1]","precursor",1,2,0.3192,0.003166
"peptides1","AAVEEGVVPGGGVALVR",527.298261,3,"AAVEEGVVPGGGVALVR3",1.82955875,0.021209253,527.2966791,527.2998429,0,527.966789,3,"precursor [M+2]","precursor",2,3,0.1419,0.003168
"peptides1","AAVEEGVVPGGGVALVR",527.298261,3,"AAVEEGVVPGGGVALVR3",1.82955875,0.021209253,527.2966791,527.2998429,0,528.300995,3,"precursor [M+3]","precursor",3,4,0.0525,0.00317
"peptides1","AAVEEGVVPGGGVALVR",527.298261,3,"AAVEEGVVPGGGVALVR3",1.82955875,0.021209253,527.2966791,527.2998429,0,528.635182,3,"precursor [M+4]","precursor",4,5,0.0135,0.003172
"peptides1","ADEAYRKADEALGAAQK",602.970873,3,"ADEAYRKADEALGAAQK3",1.331729565,0.015064015,602.9690641,602.9726819,0,602.970873,3,"precursor","precursor",0,1,0.3686,0.003618
"peptides1","ADEAYRKADEALGAAQK",602.970873,3,"ADEAYRKADEALGAAQK3",1.331729565,0.015064015,602.9690641,602.9726819,0,603.305158,3,"precursor [M+1]","precursor",1,2,0.3175,0.00362
"peptides1","ADEAYRKADEALGAAQK",602.970873,3,"ADEAYRKADEALGAAQK3",1.331729565,0.015064015,602.9690641,602.9726819,0,603.639385,3,"precursor [M+2]","precursor",2,3,0.183,0.003622
"peptides1","ADEAYRKADEALGAAQK",602.970873,3,"ADEAYRKADEALGAAQK3",1.331729565,0.015064015,602.9690641,602.9726819,0,603.973584,3,"precursor [M+3]","precursor",3,4,0.0673,0.003624
"peptides1","ADEAYRKADEALGAAQK",602.970873,3,"ADEAYRKADEALGAAQK3",1.331729565,0.015064015,602.9690641,602.9726819,0,604.307764,3,"precursor [M+4]","precursor",4,5,0.0187,0.003626
"peptides1","ADEAYRKADEALGAAQK",452.479974,4,"ADEAYRKADEALGAAQK4",1.329308182,0.017931266,452.4786166,452.4813314,0,452.479974,4,"precursor","precursor",0,1,0.3686,0.002715
"peptides1","ADEAYRKADEALGAAQK",452.479974,4,"ADEAYRKADEALGAAQK4",1.329308182,0.017931266,452.4786166,452.4813314,0,452.730688,4,"precursor [M+1]","precursor",1,2,0.3175,0.002716
"peptides1","ADEAYRKADEALGAAQK",452.479974,4,"ADEAYRKADEALGAAQK4",1.329308182,0.017931266,452.4786166,452.4813314,0,452.981358,4,"precursor [M+2]","precursor",2,3,0.183,0.002718
"peptides1","ADEAYRKADEALGAAQK",452.479974,4,"ADEAYRKADEALGAAQK4",1.329308182,0.017931266,452.4786166,452.4813314,0,453.232007,4,"precursor [M+3]","precursor",3,4,0.0673,0.002719
"peptides1","ADEAYRKADEALGAAQK",452.479974,4,"ADEAYRKADEALGAAQK4",1.329308182,0.017931266,452.4786166,452.4813314,0,453.482642,4,"precursor [M+4]","precursor",4,5,0.0187,0.002721
"peptides1","ADESKFEQAK",384.855899,3,"ADESKFEQAK3",1.028341091,0.066601555,384.8547444,384.8570536,0,384.855899,3,"precursor","precursor",0,1,0.528,0.002309
"peptides1","ADESKFEQAK",384.855899,3,"ADESKFEQAK3",1.028341091,0.066601555,384.8547444,384.8570536,0,385.190205,3,"precursor [M+1]","precursor",1,2,0.2932,0.002311
"peptides1","ADESKFEQAK",384.855899,3,"ADESKFEQAK3",1.028341091,0.066601555,384.8547444,384.8570536,0,385.524414,3,"precursor [M+2]","precursor",2,3,0.0975,0.002313
"peptides1","ADESKFEQAK",384.855899,3,"ADESKFEQAK3",1.028341091,0.066601555,384.8547444,384.8570536,0,385.858598,3,"precursor [M+3]","precursor",3,4,0.0249,0.002315
"peptides1","ADSTATINATSAGTQKR",846.929196,2,"ADSTATINATSAGTQKR2",1.103789565,0.084296703,846.9266552,846.9317368,0,846.929196,2,"precursor","precursor",0,1,0.4069,0.005082
"peptides1","ADSTATINATSAGTQKR",846.929196,2,"ADSTATINATSAGTQKR2",1.103789565,0.084296703,846.9266552,846.9317368,0,847.430593,2,"precursor [M+1]","precursor",1,2,0.31,0.005085
"peptides1","ADSTATINATSAGTQKR",846.929196,2,"ADSTATINATSAGTQKR2",1.103789565,0.084296703,846.9266552,846.9317368,0,847.931892,2,"precursor [M+2]","precursor",2,3,0.1659,0.005088
"peptides1","ADSTATINATSAGTQKR",846.929196,2,"ADSTATINATSAGTQKR2",1.103789565,0.084296703,846.9266552,846.9317368,0,848.433154,2,"precursor [M+3]","precursor",3,4,0.0544,0.005091
"peptides1","ADSTATINATSAGTQKR",846.929196,2,"ADSTATINATSAGTQKR2",1.103789565,0.084296703,846.9266552,846.9317368,0,848.934391,2,"precursor [M+4]","precursor",4,5,0.0145,0.005094
"peptides1","AFVTNIGGR",467.758883,2,"AFVTNIGGR2",1.492573158,0.103159753,467.7574797,467.7602863,0,467.758883,2,"precursor","precursor",0,1,0.5868,0.002807
"peptides1","AFVTNIGGR",467.758883,2,"AFVTNIGGR2",1.492573158,0.103159753,467.7574797,467.7602863,0,468.260297,2,"precursor [M+1]","precursor",1,2,0.2663,0.00281
"peptides1","AFVTNIGGR",467.758883,2,"AFVTNIGGR2",1.492573158,0.103159753,467.7574797,467.7602863,0,468.761592,2,"precursor [M+2]","precursor",2,3,0.0737,0.002813
"peptides1","AFVTNIGGR",467.758883,2,"AFVTNIGGR2",1.492573158,0.103159753,467.7574797,467.7602863,0,469.262849,2,"precursor [M+3]","precursor",3,4,0.0153,0.002816
"peptides1","AGDFIIR",396.224145,2,"AGDFIIR2",1.570453636,0.027516313,396.2229563,396.2253337,0,396.224145,2,"precursor","precursor",0,1,0.6303,0.002377
"peptides1","AGDFIIR",396.224145,2,"AGDFIIR2",1.570453636,0.027516313,396.2229563,396.2253337,0,396.725592,2,"precursor [M+1]","precursor",1,2,0.2511,0.00238
"peptides1","AGDFIIR",396.224145,2,"AGDFIIR2",1.570453636,0.027516313,396.2229563,396.2253337,0,397.226898,2,"precursor [M+2]","precursor",2,3,0.0617,0.002383
"peptides1","AGDFIIR",396.224145,2,"AGDFIIR2",1.570453636,0.027516313,396.2229563,396.2253337,0,397.728163,2,"precursor [M+3]","precursor",3,4,0.0114,0.002386
"peptides1","AGDNAPMAYIELVDRAEPKAEAAAE",868.086637,3,"AGDNAPMAYIELVDRAEPKAEAAAE3",2.4223475,0.036372553,868.0840327,868.0892413,0,868.086637,3,"precursor","precursor",0,3,0.2248,0.005209
"peptides1","AGDNAPMAYIELVDRAEPKAEAAAE",868.086637,3,"AGDNAPMAYIELVDRAEPKAEAAAE3",2.4223475,0.036372553,868.0840327,868.0892413,0,868.420933,3,"precursor [M+1]","precursor",1,1,0.3091,0.005211
"peptides1","AGDNAPMAYIELVDRAEPKAEAAAE",868.086637,3,"AGDNAPMAYIELVDRAEPKAEAAAE3",2.4223475,0.036372553,868.0840327,868.0892413,0,868.75505,3,"precursor [M+2]","precursor",2,2,0.2279,0.005213
"peptides1","AGDNAPMAYIELVDRAEPKAEAAAE",868.086637,3,"AGDNAPMAYIELVDRAEPKAEAAAE3",2.4223475,0.036372553,868.0840327,868.0892413,0,869.089089,3,"precursor [M+3]","precursor",3,4,0.1188,0.005215
"peptides1","AGDNAPMAYIELVDRAEPKAEAAAE",868.086637,3,"AGDNAPMAYIELVDRAEPKAEAAAE3",2.4223475,0.036372553,868.0840327,868.0892413,0,869.423092,3,"precursor [M+4]","precursor",4,5,0.0565,0.005217
"peptides1","AGDQIQSGVDAAIK",686.85698,2,"AGDQIQSGVDAAIK2",1.525814211,0.043871955,686.8549194,686.8590406,0,686.85698,2,"precursor","precursor",0,1,0.472,0.004121
"peptides1","AGDQIQSGVDAAIK",686.85698,2,"AGDQIQSGVDAAIK2",1.525814211,0.043871955,686.8549194,686.8590406,0,687.358413,2,"precursor [M+1]","precursor",1,2,0.3054,0.004124
"peptides1","AGDQIQSGVDAAIK",686.85698,2,"AGDQIQSGVDAAIK2",1.525814211,0.043871955,686.8549194,686.8590406,0,687.859728,2,"precursor [M+2]","precursor",2,3,0.1146,0.004127
"peptides1","AGDQIQSGVDAAIK",686.85698,2,"AGDQIQSGVDAAIK2",1.525814211,0.043871955,686.8549194,686.8590406,0,688.361003,2,"precursor [M+3]","precursor",3,4,0.0329,0.00413
"peptides1","AGDVVAVR",393.727052,2,"AGDVVAVR2",1.14031125,0.013814868,393.7258708,393.7282332,0,393.727052,2,"precursor","precursor",0,1,0.6472,0.002362
"peptides1","AGDVVAVR",393.727052,2,"AGDVVAVR2",1.14031125,0.013814868,393.7258708,393.7282332,0,394.228456,2,"precursor [M+1]","precursor",1,2,0.2368,0.002365
"peptides1","AGDVVAVR",393.727052,2,"AGDVVAVR2",1.14031125,0.013814868,393.7258708,393.7282332,0,394.729708,2,"precursor [M+2]","precursor",2,3,0.0568,0.002368
"peptides1","AGDVVAVR",393.727052,2,"AGDVVAVR2",1.14031125,0.013814868,393.7258708,393.7282332,0,395.230936,2,"precursor [M+3]","precursor",3,4,0.0103,0.002371
"peptides1","AGIALNDNFVK",581.316763,2,"AGIALNDNFVK2",1.800571739,0.048235602,581.315019,581.318507,0,581.316763,2,"precursor","precursor",0,1,0.5123,0.003488
"peptides1","AGIALNDNFVK",581.316763,2,"AGIALNDNFVK2",1.800571739,0.048235602,581.315019,581.318507,0,581.818218,2,"precursor [M+1]","precursor",1,2,0.3013,0.003491
"peptides1","AGIALNDNFVK",581.316763,2,"AGIALNDNFVK2",1.800571739,0.048235602,581.315019,581.318507,0,582.319559,2,"precursor [M+2]","precursor",2,3,0.1005,0.003494
"peptides1","AGIALNDNFVK",581.316763,2,"AGIALNDNFVK2",1.800571739,0.048235602,581.315019,581.318507,0,582.820857,2,"precursor [M+3]","precursor",3,4,0.0254,0.003497
"peptides1","AGNMGQANYSAAK",641.795868,2,"AGNMGQANYSAAK2",1.104487391,0.00891876,641.7939426,641.7977934,0,641.795868,2,"precursor","precursor",0,1,0.4781,0.003851
"peptides1","AGNMGQANYSAAK",641.795868,2,"AGNMGQANYSAAK2",1.104487391,0.00891876,641.7939426,641.7977934,0,642.297254,2,"precursor [M+1]","precursor",1,2,0.2854,0.003854
"peptides1","AGNMGQANYSAAK",641.795868,2,"AGNMGQANYSAAK2",1.104487391,0.00891876,641.7939426,641.7977934,0,642.797823,2,"precursor [M+2]","precursor",2,3,0.1165,0.003857
"peptides1","AGNMGQANYSAAK",641.795868,2,"AGNMGQANYSAAK2",1.104487391,0.00891876,641.7939426,641.7977934,0,643.298449,2,"precursor [M+3]","precursor",3,4,0.018,0.00386
"peptides1","AIGEQKEENAE",609.285856,2,"AIGEQKEENAE2",0.986333238,0.010271198,609.2840281,609.2876839,0,609.285856,2,"precursor","precursor",0,1,0.522,0.003656
"peptides1","AIGEQKEENAE",609.285856,2,"AIGEQKEENAE2",0.986333238,0.010271198,609.2840281,609.2876839,0,609.7873,2,"precursor [M+1]","precursor",1,2,0.2907,0.003659
"peptides1","AIGEQKEENAE",609.285856,2,"AIGEQKEENAE2",0.986333238,0.010271198,609.2840281,609.2876839,0,610.288588,2,"precursor [M+2]","precursor",2,3,0.0999,0.003662
"peptides1","AIGEQKEENAE",609.285856,2,"AIGEQKEENAE2",0.986333238,0.010271198,609.2840281,609.2876839,0,610.789849,2,"precursor [M+3]","precursor",3,4,0.0265,0.003665
"peptides1","AIVAATESGSTAR",617.325316,2,"AIVAATESGSTAR2",1.151511667,0.030567789,617.323464,617.327168,0,617.325316,2,"precursor","precursor",0,1,0.5145,0.003704
"peptides1","AIVAATESGSTAR",617.325316,2,"AIVAATESGSTAR2",1.151511667,0.030567789,617.323464,617.327168,0,617.826732,2,"precursor [M+1]","precursor",1,2,0.2924,0.003707
"peptides1","AIVAATESGSTAR",617.325316,2,"AIVAATESGSTAR2",1.151511667,0.030567789,617.323464,617.327168,0,618.32802,2,"precursor [M+2]","precursor",2,3,0.0993,0.00371
"peptides1","AIVAATESGSTAR",617.325316,2,"AIVAATESGSTAR2",1.151511667,0.030567789,617.323464,617.327168,0,618.829272,2,"precursor [M+3]","precursor",3,4,0.026,0.003713
"peptides1","AKFDDLTRDLVER",526.614249,3,"AKFDDLTRDLVER3",1.81930619,0.088932447,526.6126692,526.6158288,0,526.614249,3,"precursor","precursor",0,1,0.4122,0.00316
"peptides1","AKFDDLTRDLVER",526.614249,3,"AKFDDLTRDLVER3",1.81930619,0.088932447,526.6126692,526.6158288,0,526.948539,3,"precursor [M+1]","precursor",1,2,0.3175,0.003162
"peptides1","AKFDDLTRDLVER",526.614249,3,"AKFDDLTRDLVER3",1.81930619,0.088932447,526.6126692,526.6158288,0,527.282768,3,"precursor [M+2]","precursor",2,3,0.1404,0.003164
"peptides1","AKFDDLTRDLVER",526.614249,3,"AKFDDLTRDLVER3",1.81930619,0.088932447,526.6126692,526.6158288,0,527.616968,3,"precursor [M+3]","precursor",3,4,0.0519,0.003166
"peptides1","AKFDDLTRDLVER",526.614249,3,"AKFDDLTRDLVER3",1.81930619,0.088932447,526.6126692,526.6158288,0,527.951149,3,"precursor [M+4]","precursor",4,5,0.0134,0.003168
"peptides1","AKVTDIEGKHAK",432.913859,3,"AKVTDIEGKHAK3",0.923325905,0.009934899,432.9125603,432.9151577,0,432.913859,3,"precursor","precursor",0,1,0.4818,0.002597
"peptides1","AKVTDIEGKHAK",432.913859,3,"AKVTDIEGKHAK3",0.923325905,0.009934899,432.9125603,432.9151577,0,433.248145,3,"precursor [M+1]","precursor",1,2,0.3058,0.002599
"peptides1","AKVTDIEGKHAK",432.913859,3,"AKVTDIEGKHAK3",0.923325905,0.009934899,432.9125603,432.9151577,0,433.582362,3,"precursor [M+2]","precursor",2,3,0.1093,0.002601
"peptides1","AKVTDIEGKHAK",432.913859,3,"AKVTDIEGKHAK3",0.923325905,0.009934899,432.9125603,432.9151577,0,433.916551,3,"precursor [M+3]","precursor",3,4,0.0297,0.002603
"peptides1","ALADAAREGGLEF",660.333141,2,"ALADAAREGGLEF2",2.00160625,0.037239726,660.33116,660.335122,0,660.333141,2,"precursor","precursor",0,1,0.4765,0.003962
"peptides1","ALADAAREGGLEF",660.333141,2,"ALADAAREGGLEF2",2.00160625,0.037239726,660.33116,660.335122,0,660.834586,2,"precursor [M+1]","precursor",1,2,0.3075,0.003965
"peptides1","ALADAAREGGLEF",660.333141,2,"ALADAAREGGLEF2",2.00160625,0.037239726,660.33116,660.335122,0,661.335917,2,"precursor [M+2]","precursor",2,3,0.1135,0.003968
"peptides1","ALADAAREGGLEF",660.333141,2,"ALADAAREGGLEF2",2.00160625,0.037239726,660.33116,660.335122,0,661.837206,2,"precursor [M+3]","precursor",3,4,0.0318,0.003971
"peptides1","ALAEAARESGLEF",682.346248,2,"ALAEAARESGLEF2",1.967307143,0.070768038,682.344201,682.348295,0,682.346248,2,"precursor","precursor",0,1,0.4649,0.004094
"peptides1","ALAEAARESGLEF",682.346248,2,"ALAEAARESGLEF2",1.967307143,0.070768038,682.344201,682.348295,0,682.847702,2,"precursor [M+1]","precursor",1,2,0.3106,0.004097
"peptides1","ALAEAARESGLEF",682.346248,2,"ALAEAARESGLEF2",1.967307143,0.070768038,682.344201,682.348295,0,683.349041,2,"precursor [M+2]","precursor",2,3,0.1225,0.0041
"peptides1","ALAEAARESGLEF",682.346248,2,"ALAEAARESGLEF2",1.967307143,0.070768038,682.344201,682.348295,0,683.850337,2,"precursor [M+3]","precursor",3,4,0.0342,0.004103
"peptides1","ALDKPERPMVAIVGGSK",589.997706,3,"ALDKPERPMVAIVGGSK3",1.4364055,0.014534206,589.995936,589.999476,0,589.997706,3,"precursor","precursor",0,1,0.3514,0.00354
"peptides1","ALDKPERPMVAIVGGSK",589.997706,3,"ALDKPERPMVAIVGGSK3",1.4364055,0.014534206,589.995936,589.999476,0,590.331992,3,"precursor [M+1]","precursor",1,2,0.3092,0.003542
"peptides1","ALDKPERPMVAIVGGSK",589.997706,3,"ALDKPERPMVAIVGGSK3",1.4364055,0.014534206,589.995936,589.999476,0,590.665966,3,"precursor [M+2]","precursor",2,3,0.1756,0.003544
"peptides1","ALDKPERPMVAIVGGSK",589.997706,3,"ALDKPERPMVAIVGGSK3",1.4364055,0.014534206,589.995936,589.999476,0,590.999858,3,"precursor [M+3]","precursor",3,4,0.0628,0.003546
"peptides1","ALDKPERPMVAIVGGSK",589.997706,3,"ALDKPERPMVAIVGGSK3",1.4364055,0.014534206,589.995936,589.999476,0,591.33374,3,"precursor [M+4]","precursor",4,5,0.0112,0.003548
"peptides1","ALDKPERPMVAIVGGSK",442.750098,4,"ALDKPERPMVAIVGGSK4",1.455238696,0.08298063,442.7487697,442.7514263,0,442.750098,4,"precursor","precursor",0,1,0.3514,0.002657
"peptides1","ALDKPERPMVAIVGGSK",442.750098,4,"ALDKPERPMVAIVGGSK4",1.455238696,0.08298063,442.7487697,442.7514263,0,443.000813,4,"precursor [M+1]","precursor",1,2,0.3092,0.002658
"peptides1","ALDKPERPMVAIVGGSK",442.750098,4,"ALDKPERPMVAIVGGSK4",1.455238696,0.08298063,442.7487697,442.7514263,0,443.251293,4,"precursor [M+2]","precursor",2,3,0.1756,0.00266
"peptides1","ALDKPERPMVAIVGGSK",442.750098,4,"ALDKPERPMVAIVGGSK4",1.455238696,0.08298063,442.7487697,442.7514263,0,443.501712,4,"precursor [M+3]","precursor",3,4,0.0628,0.002661
"peptides1","ALDKPERPMVAIVGGSK",442.750098,4,"ALDKPERPMVAIVGGSK4",1.455238696,0.08298063,442.7487697,442.7514263,0,443.752124,4,"precursor [M+4]","precursor",4,5,0.0112,0.002663
"peptides1","ALEGDADYEQK",619.780407,2,"ALEGDADYEQK2",1.201740435,0.011695601,619.7785477,619.7822663,0,619.780407,2,"precursor","precursor",0,1,0.5071,0.003719
"peptides1","ALEGDADYEQK",619.780407,2,"ALEGDADYEQK2",1.201740435,0.011695601,619.7785477,619.7822663,0,620.281879,2,"precursor [M+1]","precursor",1,2,0.299,0.003722
"peptides1","ALEGDADYEQK",619.780407,2,"ALEGDADYEQK2",1.201740435,0.011695601,619.7785477,619.7822663,0,620.783197,2,"precursor [M+2]","precursor",2,3,0.1063,0.003725
"peptides1","ALEGDADYEQK",619.780407,2,"ALEGDADYEQK2",1.201740435,0.011695601,619.7785477,619.7822663,0,621.28448,2,"precursor [M+3]","precursor",3,4,0.029,0.003728
"peptides1","ALGSPEMSNK",517.252774,2,"ALGSPEMSNK2",1.169571053,0.00898345,517.2512222,517.2543258,0,517.252774,2,"precursor","precursor",0,1,0.5478,0.003104
"peptides1","ALGSPEMSNK",517.252774,2,"ALGSPEMSNK2",1.169571053,0.00898345,517.2512222,517.2543258,0,517.754192,2,"precursor [M+1]","precursor",1,2,0.2555,0.003107
"peptides1","ALGSPEMSNK",517.252774,2,"ALGSPEMSNK2",1.169571053,0.00898345,517.2512222,517.2543258,0,518.254473,2,"precursor [M+2]","precursor",2,3,0.0315,0.00311
"peptides1","ALGSPEMSNK",517.252774,2,"ALGSPEMSNK2",1.169571053,0.00898345,517.2512222,517.2543258,0,518.75504,2,"precursor [M+3]","precursor",3,4,0.0127,0.003113
"peptides1","ALLAAFDFPFRK",698.392805,2,"ALLAAFDFPFRK2",2.557571458,0.028042597,698.3907098,698.3949002,0,698.392805,2,"precursor","precursor",0,1,0.4225,0.00419
"peptides1","ALLAAFDFPFRK",698.392805,2,"ALLAAFDFPFRK2",2.557571458,0.028042597,698.3907098,698.3949002,0,698.894288,2,"precursor [M+1]","precursor",1,2,0.3281,0.004193
"peptides1","ALLAAFDFPFRK",698.392805,2,"ALLAAFDFPFRK2",2.557571458,0.028042597,698.3907098,698.3949002,0,699.3957,2,"precursor [M+2]","precursor",2,3,0.139,0.004196
"peptides1","ALLAAFDFPFRK",698.392805,2,"ALLAAFDFPFRK2",2.557571458,0.028042597,698.3907098,698.3949002,0,699.897068,2,"precursor [M+3]","precursor",3,4,0.0401,0.004199
"peptides1","ALLAAFDFPFRK",698.392805,2,"ALLAAFDFPFRK2",2.557571458,0.028042597,698.3907098,698.3949002,0,700.398406,2,"precursor [M+4]","precursor",4,5,0.0113,0.004202
"peptides1","ALLAAFDFPFRK",465.930962,3,"ALLAAFDFPFRK3",2.553989362,0.026607395,465.9295642,465.9323598,0,465.930962,3,"precursor","precursor",0,1,0.4225,0.002796
"peptides1","ALLAAFDFPFRK",465.930962,3,"ALLAAFDFPFRK3",2.553989362,0.026607395,465.9295642,465.9323598,0,466.265284,3,"precursor [M+1]","precursor",1,2,0.3281,0.002798
"peptides1","ALLAAFDFPFRK",465.930962,3,"ALLAAFDFPFRK3",2.553989362,0.026607395,465.9295642,465.9323598,0,466.599559,3,"precursor [M+2]","precursor",2,3,0.139,0.0028
"peptides1","ALLAAFDFPFRK",465.930962,3,"ALLAAFDFPFRK3",2.553989362,0.026607395,465.9295642,465.9323598,0,466.933804,3,"precursor [M+3]","precursor",3,4,0.0401,0.002802
"peptides1","ALLAAFDFPFRK",465.930962,3,"ALLAAFDFPFRK3",2.553989362,0.026607395,465.9295642,465.9323598,0,467.26803,3,"precursor [M+4]","precursor",4,5,0.0113,0.002804
"peptides1","ALSNPDLYEGDGELRVR",635.321794,3,"ALSNPDLYEGDGELRVR3",1.709139,0.018011151,635.319888,635.3237,0,635.321794,3,"precursor","precursor",0,1,0.3466,0.003812
"peptides1","ALSNPDLYEGDGELRVR",635.321794,3,"ALSNPDLYEGDGELRVR3",1.709139,0.018011151,635.319888,635.3237,0,635.656083,3,"precursor [M+1]","precursor",1,2,0.318,0.003814
"peptides1","ALSNPDLYEGDGELRVR",635.321794,3,"ALSNPDLYEGDGELRVR3",1.709139,0.018011151,635.319888,635.3237,0,635.990317,3,"precursor [M+2]","precursor",2,3,0.1928,0.003816
"peptides1","ALSNPDLYEGDGELRVR",635.321794,3,"ALSNPDLYEGDGELRVR3",1.709139,0.018011151,635.319888,635.3237,0,636.324522,3,"precursor [M+3]","precursor",3,4,0.0746,0.003818
"peptides1","ALSNPDLYEGDGELRVR",635.321794,3,"ALSNPDLYEGDGELRVR3",1.709139,0.018011151,635.319888,635.3237,0,636.65871,3,"precursor [M+4]","precursor",4,5,0.0224,0.00382
"peptides1","ALTETDGDIDKAVDFLREK",712.698819,3,"ALTETDGDIDKAVDFLREK3",2.266581304,0.041997776,712.6966809,712.7009571,0,712.698819,3,"precursor","precursor",0,2,0.3029,0.004276
"peptides1","ALTETDGDIDKAVDFLREK",712.698819,3,"ALTETDGDIDKAVDFLREK3",2.266581304,0.041997776,712.6966809,712.7009571,0,713.033128,3,"precursor [M+1]","precursor",1,1,0.3425,0.004278
"peptides1","ALTETDGDIDKAVDFLREK",712.698819,3,"ALTETDGDIDKAVDFLREK3",2.266581304,0.041997776,712.6966809,712.7009571,0,713.367383,3,"precursor [M+2]","precursor",2,3,0.2119,0.00428
"peptides1","ALTETDGDIDKAVDFLREK",712.698819,3,"ALTETDGDIDKAVDFLREK3",2.266581304,0.041997776,712.6966809,712.7009571,0,713.701608,3,"precursor [M+3]","precursor",3,4,0.0917,0.004282
"peptides1","ALTETDGDIDKAVDFLREK",712.698819,3,"ALTETDGDIDKAVDFLREK3",2.266581304,0.041997776,712.6966809,712.7009571,0,714.035814,3,"precursor [M+4]","precursor",4,5,0.0328,0.004284
"peptides1","ALTETDGDIDKAVDFLREK",534.775933,4,"ALTETDGDIDKAVDFLREK4",2.270270455,0.03082653,534.7743287,534.7775373,0,534.775933,4,"precursor","precursor",0,2,0.3029,0.003209
"peptides1","ALTETDGDIDKAVDFLREK",534.775933,4,"ALTETDGDIDKAVDFLREK4",2.270270455,0.03082653,534.7743287,534.7775373,0,535.026665,4,"precursor [M+1]","precursor",1,1,0.3425,0.00321
"peptides1","ALTETDGDIDKAVDFLREK",534.775933,4,"ALTETDGDIDKAVDFLREK4",2.270270455,0.03082653,534.7743287,534.7775373,0,535.277356,4,"precursor [M+2]","precursor",2,3,0.2119,0.003212
"peptides1","ALTETDGDIDKAVDFLREK",534.775933,4,"ALTETDGDIDKAVDFLREK4",2.270270455,0.03082653,534.7743287,534.7775373,0,535.528025,4,"precursor [M+3]","precursor",3,4,0.0917,0.003213
"peptides1","ALTETDGDIDKAVDFLREK",534.775933,4,"ALTETDGDIDKAVDFLREK4",2.270270455,0.03082653,534.7743287,534.7775373,0,535.778679,4,"precursor [M+4]","precursor",4,5,0.0328,0.003215
"peptides1","ALTVNTNIASLNTQR",808.441743,2,"ALTVNTNIASLNTQR2",1.751472609,0.019416089,808.4393177,808.4441683,0,808.441743,2,"precursor","precursor",0,1,0.4123,0.004851
"peptides1","ALTVNTNIASLNTQR",808.441743,2,"ALTVNTNIASLNTQR2",1.751472609,0.019416089,808.4393177,808.4441683,0,808.943151,2,"precursor [M+1]","precursor",1,2,0.3136,0.004854
"peptides1","ALTVNTNIASLNTQR",808.441743,2,"ALTVNTNIASLNTQR2",1.751472609,0.019416089,808.4393177,808.4441683,0,809.44447,2,"precursor [M+2]","precursor",2,3,0.1384,0.004857
"peptides1","ALTVNTNIASLNTQR",808.441743,2,"ALTVNTNIASLNTQR2",1.751472609,0.019416089,808.4393177,808.4441683,0,809.945749,2,"precursor [M+3]","precursor",3,4,0.0519,0.00486
"peptides1","ALTVNTNIASLNTQR",808.441743,2,"ALTVNTNIASLNTQR2",1.751472609,0.019416089,808.4393177,808.4441683,0,810.447001,2,"precursor [M+4]","precursor",4,5,0.0133,0.004863
"peptides1","AMDEQGKSLDDFLI",791.376888,2,"AMDEQGKSLDDFLI2",2.51947087,0.035477819,791.3745139,791.3792621,0,791.376888,2,"precursor","precursor",0,1,0.3958,0.004748
"peptides1","AMDEQGKSLDDFLI",791.376888,2,"AMDEQGKSLDDFLI2",2.51947087,0.035477819,791.3745139,791.3792621,0,791.878357,2,"precursor [M+1]","precursor",1,2,0.308,0.004751
"peptides1","AMDEQGKSLDDFLI",791.376888,2,"AMDEQGKSLDDFLI2",2.51947087,0.035477819,791.3745139,791.3792621,0,792.379222,2,"precursor [M+2]","precursor",2,3,0.1517,0.004754
"peptides1","AMDEQGKSLDDFLI",791.376888,2,"AMDEQGKSLDDFLI2",2.51947087,0.035477819,791.3745139,791.3792621,0,792.880025,2,"precursor [M+3]","precursor",3,4,0.0506,0.004757
"peptides1","ANQRLDNMATK",421.215432,3,"ANQRLDNMATK3",1.080494583,0.013951559,421.2141684,421.2166956,0,421.215432,3,"precursor","precursor",0,1,0.4877,0.002527
"peptides1","ANQRLDNMATK",421.215432,3,"ANQRLDNMATK3",1.080494583,0.013951559,421.2141684,421.2166956,0,421.549673,3,"precursor [M+1]","precursor",1,2,0.2806,0.002529
"peptides1","ANQRLDNMATK",421.215432,3,"ANQRLDNMATK3",1.080494583,0.013951559,421.2141684,421.2166956,0,421.883356,3,"precursor [M+2]","precursor",2,3,0.112,0.002531
"peptides1","ANQRLDNMATK",421.215432,3,"ANQRLDNMATK3",1.080494583,0.013951559,421.2141684,421.2166956,0,422.217086,3,"precursor [M+3]","precursor",3,4,0.0173,0.002533
"peptides1","AQARADEAYR",384.191504,3,"AQARADEAYR3",0.944320167,0.009460218,384.1903514,384.1926566,0,384.191504,3,"precursor","precursor",0,1,0.5345,0.002305
"peptides1","AQARADEAYR",384.191504,3,"AQARADEAYR3",0.944320167,0.009460218,384.1903514,384.1926566,0,384.525755,3,"precursor [M+1]","precursor",1,2,0.2787,0.002307
"peptides1","AQARADEAYR",384.191504,3,"AQARADEAYR3",0.944320167,0.009460218,384.1903514,384.1926566,0,384.859933,3,"precursor [M+2]","precursor",2,3,0.0902,0.002309
"peptides1","AQARADEAYR",384.191504,3,"AQARADEAYR3",0.944320167,0.009460218,384.1903514,384.1926566,0,385.194088,3,"precursor [M+3]","precursor",3,4,0.0219,0.002311
"peptides1","AQLQEIAQTK",565.31422,2,"AQLQEIAQTK2",1.328426667,0.054554507,565.3125241,565.3159159,0,565.31422,2,"precursor","precursor",0,1,0.5338,0.003392
"peptides1","AQLQEIAQTK",565.31422,2,"AQLQEIAQTK2",1.328426667,0.054554507,565.3125241,565.3159159,0,565.815659,2,"precursor [M+1]","precursor",1,2,0.2843,0.003395
"peptides1","AQLQEIAQTK",565.31422,2,"AQLQEIAQTK2",1.328426667,0.054554507,565.3125241,565.3159159,0,566.316968,2,"precursor [M+2]","precursor",2,3,0.0931,0.003398
"peptides1","AQLQEIAQTK",565.31422,2,"AQLQEIAQTK2",1.328426667,0.054554507,565.3125241,565.3159159,0,566.818241,2,"precursor [M+3]","precursor",3,4,0.0229,0.003401
"peptides1","AQQTADEANERALR",524.929008,3,"AQQTADEANERALR3",1.06942875,0.008767251,524.9274332,524.9305828,0,524.929008,3,"precursor","precursor",0,1,0.4336,0.00315
"peptides1","AQQTADEANERALR",524.929008,3,"AQQTADEANERALR3",1.06942875,0.008767251,524.9274332,524.9305828,0,525.263256,3,"precursor [M+1]","precursor",1,2,0.3053,0.003152
"peptides1","AQQTADEANERALR",524.929008,3,"AQQTADEANERALR3",1.06942875,0.008767251,524.9274332,524.9305828,0,525.597442,3,"precursor [M+2]","precursor",2,3,0.1286,0.003154
"peptides1","AQQTADEANERALR",524.929008,3,"AQQTADEANERALR3",1.06942875,0.008767251,524.9274332,524.9305828,0,525.931605,3,"precursor [M+3]","precursor",3,4,0.047,0.003156
"peptides1","AQQTADEANERALR",524.929008,3,"AQQTADEANERALR3",1.06942875,0.008767251,524.9274332,524.9305828,0,526.26575,3,"precursor [M+4]","precursor",4,5,0.0117,0.003158
"peptides1","ARDFSLDRTR",412.886304,3,"ARDFSLDRTR3",1.190068889,0.010692546,412.8850653,412.8875427,0,412.886304,3,"precursor","precursor",0,1,0.5072,0.002477
"peptides1","ARDFSLDRTR",412.886304,3,"ARDFSLDRTR3",1.190068889,0.010692546,412.8850653,412.8875427,0,413.220549,3,"precursor [M+1]","precursor",1,2,0.293,0.002479
"peptides1","ARDFSLDRTR",412.886304,3,"ARDFSLDRTR3",1.190068889,0.010692546,412.8850653,412.8875427,0,413.554733,3,"precursor [M+2]","precursor",2,3,0.0976,0.002481
"peptides1","ARDFSLDRTR",412.886304,3,"ARDFSLDRTR3",1.190068889,0.010692546,412.8850653,412.8875427,0,413.888892,3,"precursor [M+3]","precursor",3,4,0.0248,0.002483
"peptides1","AREIDEQPETELLSEYHSFKPVGR",708.35561,4,"AREIDEQPETELLSEYHSFKPVGR4",2.071092273,0.070514257,708.3534849,708.3577351,0,708.35561,4,"precursor","precursor",0,3,0.2008,0.00425
"peptides1","AREIDEQPETELLSEYHSFKPVGR",708.35561,4,"AREIDEQPETELLSEYHSFKPVGR4",2.071092273,0.070514257,708.3534849,708.3577351,0,708.606335,4,"precursor [M+1]","precursor",1,1,0.3068,0.004252
"peptides1","AREIDEQPETELLSEYHSFKPVGR",708.35561,4,"AREIDEQPETELLSEYHSFKPVGR4",2.071092273,0.070514257,708.3534849,708.3577351,0,708.857033,4,"precursor [M+2]","precursor",2,2,0.2485,0.004253
"peptides1","AREIDEQPETELLSEYHSFKPVGR",708.35561,4,"AREIDEQPETELLSEYHSFKPVGR4",2.071092273,0.070514257,708.3534849,708.3577351,0,709.107711,4,"precursor [M+3]","precursor",3,4,0.1411,0.004255
"peptides1","AREIDEQPETELLSEYHSFKPVGR",708.35561,4,"AREIDEQPETELLSEYHSFKPVGR4",2.071092273,0.070514257,708.3534849,708.3577351,0,709.358377,4,"precursor [M+4]","precursor",4,5,0.0628,0.004256
"peptides1","ARLEEGLNPNAILVPQQGVTR",759.088752,3,"ARLEEGLNPNAILVPQQGVTR3",1.95312619,0.022297492,759.0864747,759.0910293,0,759.088752,3,"precursor","precursor",0,2,0.2778,0.004555
"peptides1","ARLEEGLNPNAILVPQQGVTR",759.088752,3,"ARLEEGLNPNAILVPQQGVTR3",1.95312619,0.022297492,759.0864747,759.0910293,0,759.42303,3,"precursor [M+1]","precursor",1,1,0.34,0.004557
"peptides1","ARLEEGLNPNAILVPQQGVTR",759.088752,3,"ARLEEGLNPNAILVPQQGVTR3",1.95312619,0.022297492,759.0864747,759.0910293,0,759.757268,3,"precursor [M+2]","precursor",2,3,0.2222,0.004559
"peptides1","ARLEEGLNPNAILVPQQGVTR",759.088752,3,"ARLEEGLNPNAILVPQQGVTR3",1.95312619,0.022297492,759.0864747,759.0910293,0,760.091482,3,"precursor [M+3]","precursor",3,4,0.1003,0.004561
"peptides1","ARLEEGLNPNAILVPQQGVTR",759.088752,3,"ARLEEGLNPNAILVPQQGVTR3",1.95312619,0.022297492,759.0864747,759.0910293,0,760.42568,3,"precursor [M+4]","precursor",4,5,0.037,0.004563
"peptides1","ARVDDALHATR",408.886304,3,"ARVDDALHATR3",1.119252439,0.063828154,408.8850773,408.8875307,0,408.886304,3,"precursor","precursor",0,1,0.5128,0.002453
"peptides1","ARVDDALHATR",408.886304,3,"ARVDDALHATR3",1.119252439,0.063828154,408.8850773,408.8875307,0,409.220546,3,"precursor [M+1]","precursor",1,2,0.2906,0.002455
"peptides1","ARVDDALHATR",408.886304,3,"ARVDDALHATR3",1.119252439,0.063828154,408.8850773,408.8875307,0,409.554725,3,"precursor [M+2]","precursor",2,3,0.0956,0.002457
"peptides1","ARVDDALHATR",408.886304,3,"ARVDDALHATR3",1.119252439,0.063828154,408.8850773,408.8875307,0,409.88888,3,"precursor [M+3]","precursor",3,4,0.024,0.002459
"peptides1","ARVEDALHATR",413.558187,3,"ARVEDALHATR3",1.148788696,0.016338045,413.5569463,413.5594277,0,413.558187,3,"precursor","precursor",0,1,0.5071,0.002481
"peptides1","ARVEDALHATR",413.558187,3,"ARVEDALHATR3",1.148788696,0.016338045,413.5569463,413.5594277,0,413.892433,3,"precursor [M+1]","precursor",1,2,0.2931,0.002483
"peptides1","ARVEDALHATR",413.558187,3,"ARVEDALHATR3",1.148788696,0.016338045,413.5569463,413.5594277,0,414.226617,3,"precursor [M+2]","precursor",2,3,0.0976,0.002485
"peptides1","ARVEDALHATR",413.558187,3,"ARVEDALHATR3",1.148788696,0.016338045,413.5569463,413.5594277,0,414.560777,3,"precursor [M+3]","precursor",3,4,0.0248,0.002487
"peptides1","ASDNKSLGQFNLDGINPAPR",705.35902,3,"ASDNKSLGQFNLDGINPAPR3",1.933125417,0.063016754,705.3569039,705.3611361,0,705.35902,3,"precursor","precursor",0,2,0.3075,0.004232
"peptides1","ASDNKSLGQFNLDGINPAPR",705.35902,3,"ASDNKSLGQFNLDGINPAPR3",1.933125417,0.063016754,705.3569039,705.3611361,0,705.693299,3,"precursor [M+1]","precursor",1,1,0.345,0.004234
"peptides1","ASDNKSLGQFNLDGINPAPR",705.35902,3,"ASDNKSLGQFNLDGINPAPR3",1.933125417,0.063016754,705.3569039,705.3611361,0,706.027533,3,"precursor [M+2]","precursor",2,3,0.2097,0.004236
"peptides1","ASDNKSLGQFNLDGINPAPR",705.35902,3,"ASDNKSLGQFNLDGINPAPR3",1.933125417,0.063016754,705.3569039,705.3611361,0,706.36174,3,"precursor [M+3]","precursor",3,4,0.0886,0.004238
"peptides1","ASDNKSLGQFNLDGINPAPR",705.35902,3,"ASDNKSLGQFNLDGINPAPR3",1.933125417,0.063016754,705.3569039,705.3611361,0,706.69593,3,"precursor [M+4]","precursor",4,5,0.031,0.00424
"peptides1","ASNPEEEVIAK",593.801142,2,"ASNPEEEVIAK2",1.3266405,0.061182979,593.7993606,593.8029234,0,593.801142,2,"precursor","precursor",0,1,0.5205,0.003563
"peptides1","ASNPEEEVIAK",593.801142,2,"ASNPEEEVIAK2",1.3266405,0.061182979,593.7993606,593.8029234,0,594.302608,2,"precursor [M+1]","precursor",1,2,0.2954,0.003566
"peptides1","ASNPEEEVIAK",593.801142,2,"ASNPEEEVIAK2",1.3266405,0.061182979,593.7993606,593.8029234,0,594.803925,2,"precursor [M+2]","precursor",2,3,0.1004,0.003569
"peptides1","ASNPEEEVIAK",593.801142,2,"ASNPEEEVIAK2",1.3266405,0.061182979,593.7993606,593.8029234,0,595.305205,2,"precursor [M+3]","precursor",3,4,0.0262,0.003572
"peptides1","ATIDGLENMNSPEMVAAKR",683.003079,3,"ATIDGLENMNSPEMVAAKR3",1.745315833,0.02543906,683.00103,683.005128,0,683.003079,3,"precursor","precursor",0,2,0.3005,0.004098
"peptides1","ATIDGLENMNSPEMVAAKR",683.003079,3,"ATIDGLENMNSPEMVAAKR3",1.745315833,0.02543906,683.00103,683.005128,0,683.337351,3,"precursor [M+1]","precursor",1,1,0.3186,0.0041
"peptides1","ATIDGLENMNSPEMVAAKR",683.003079,3,"ATIDGLENMNSPEMVAAKR3",1.745315833,0.02543906,683.00103,683.005128,0,683.671169,3,"precursor [M+2]","precursor",2,3,0.1841,0.004102
"peptides1","ATIDGLENMNSPEMVAAKR",683.003079,3,"ATIDGLENMNSPEMVAAKR3",1.745315833,0.02543906,683.00103,683.005128,0,684.004936,3,"precursor [M+3]","precursor",3,4,0.0738,0.004104
"peptides1","ATIDGLENMNSPEMVAAKR",683.003079,3,"ATIDGLENMNSPEMVAAKR3",1.745315833,0.02543906,683.00103,683.005128,0,684.338672,3,"precursor [M+4]","precursor",4,5,0.027,0.004106
"peptides1","ATLGEVSNSEHSLR",500.586471,3,"ATLGEVSNSEHSLR3",1.298669091,0.01650701,500.5849692,500.5879728,0,500.586471,3,"precursor","precursor",0,1,0.4445,0.003004
"peptides1","ATLGEVSNSEHSLR",500.586471,3,"ATLGEVSNSEHSLR3",1.298669091,0.01650701,500.5849692,500.5879728,0,500.920743,3,"precursor [M+1]","precursor",1,2,0.3078,0.003006
"peptides1","ATLGEVSNSEHSLR",500.586471,3,"ATLGEVSNSEHSLR3",1.298669091,0.01650701,500.5849692,500.5879728,0,501.254945,3,"precursor [M+2]","precursor",2,3,0.1272,0.003008
"peptides1","ATLGEVSNSEHSLR",500.586471,3,"ATLGEVSNSEHSLR3",1.298669091,0.01650701,500.5849692,500.5879728,0,501.589121,3,"precursor [M+3]","precursor",3,4,0.0447,0.00301
"peptides1","ATLGEVSNSEHSLR",500.586471,3,"ATLGEVSNSEHSLR3",1.298669091,0.01650701,500.5849692,500.5879728,0,501.923278,3,"precursor [M+4]","precursor",4,5,0.0109,0.003012
"peptides1","AVESPLR",386.221602,2,"AVESPLR2",1.214205455,0.009285564,386.2204433,386.2227607,0,386.221602,2,"precursor","precursor",0,1,0.6497,0.002317
"peptides1","AVESPLR",386.221602,2,"AVESPLR2",1.214205455,0.009285564,386.2204433,386.2227607,0,386.723032,2,"precursor [M+1]","precursor",1,2,0.2377,0.00232
"peptides1","AVESPLR",386.221602,2,"AVESPLR2",1.214205455,0.009285564,386.2204433,386.2227607,0,387.224297,2,"precursor [M+2]","precursor",2,3,0.057,0.002323
"peptides1","AVESPLR",386.221602,2,"AVESPLR2",1.214205455,0.009285564,386.2204433,386.2227607,0,387.725536,2,"precursor [M+3]","precursor",3,4,0.0103,0.002326
"peptides1","AVGEDKESKEESAE",503.23013,3,"AVGEDKESKEESAE3",0.888054348,0.009653345,503.2286203,503.2316397,0,503.23013,3,"precursor","precursor",0,1,0.4508,0.003019
"peptides1","AVGEDKESKEESAE",503.23013,3,"AVGEDKESKEESAE3",0.888054348,0.009653345,503.2286203,503.2316397,0,503.564437,3,"precursor [M+1]","precursor",1,2,0.3078,0.003021
"peptides1","AVGEDKESKEESAE",503.23013,3,"AVGEDKESKEESAE3",0.888054348,0.009653345,503.2286203,503.2316397,0,503.898647,3,"precursor [M+2]","precursor",2,3,0.1306,0.003023
"peptides1","AVGEDKESKEESAE",503.23013,3,"AVGEDKESKEESAE3",0.888054348,0.009653345,503.2286203,503.2316397,0,504.232833,3,"precursor [M+3]","precursor",3,4,0.0457,0.003025
"peptides1","AVGEDKESKEESAE",503.23013,3,"AVGEDKESKEESAE3",0.888054348,0.009653345,503.2286203,503.2316397,0,504.567,3,"precursor [M+4]","precursor",4,5,0.0116,0.003027
"peptides1","AYIALQPGQDLDFATSAE",955.462538,2,"AYIALQPGQDLDFATSAE2",2.50670087,0.01117422,955.4596716,955.4654044,0,955.462538,2,"precursor","precursor",0,1,0.336,0.005733
"peptides1","AYIALQPGQDLDFATSAE",955.462538,2,"AYIALQPGQDLDFATSAE2",2.50670087,0.01117422,955.4596716,955.4654044,0,955.964022,2,"precursor [M+1]","precursor",1,2,0.323,0.005736
"peptides1","AYIALQPGQDLDFATSAE",955.462538,2,"AYIALQPGQDLDFATSAE2",2.50670087,0.01117422,955.4596716,955.4654044,0,956.465416,2,"precursor [M+2]","precursor",2,3,0.1979,0.005739
"peptides1","AYIALQPGQDLDFATSAE",955.462538,2,"AYIALQPGQDLDFATSAE2",2.50670087,0.01117422,955.4596716,955.4654044,0,956.966763,2,"precursor [M+3]","precursor",3,4,0.0792,0.005742
"peptides1","AYIALQPGQDLDFATSAE",955.462538,2,"AYIALQPGQDLDFATSAE2",2.50670087,0.01117422,955.4596716,955.4654044,0,957.468078,2,"precursor [M+4]","precursor",4,5,0.0247,0.005745
"peptides1","AYVSETGKIVPSR",469.592786,3,"AYVSETGKIVPSR3",1.306025714,0.010083578,469.5913772,469.5941948,0,469.592786,3,"precursor","precursor",0,1,0.4488,0.002818
"peptides1","AYVSETGKIVPSR",469.592786,3,"AYVSETGKIVPSR3",1.306025714,0.010083578,469.5913772,469.5941948,0,469.927087,3,"precursor [M+1]","precursor",1,2,0.315,0.00282
"peptides1","AYVSETGKIVPSR",469.592786,3,"AYVSETGKIVPSR3",1.306025714,0.010083578,469.5913772,469.5941948,0,470.261321,3,"precursor [M+2]","precursor",2,3,0.1277,0.002822
"peptides1","AYVSETGKIVPSR",469.592786,3,"AYVSETGKIVPSR3",1.306025714,0.010083578,469.5913772,469.5941948,0,470.595525,3,"precursor [M+3]","precursor",3,4,0.0363,0.002824
"peptides1","AYVSETGKIVPSR",469.592786,3,"AYVSETGKIVPSR3",1.306025714,0.010083578,469.5913772,469.5941948,0,470.929714,3,"precursor [M+4]","precursor",4,5,0.0101,0.002826
"peptides1","DAKELVDGAPK",571.806228,2,"DAKELVDGAPK2",1.271257273,0.051094938,571.8045126,571.8079434,0,571.806228,2,"precursor","precursor",0,1,0.5288,0.003431
"peptides1","DAKELVDGAPK",571.806228,2,"DAKELVDGAPK2",1.271257273,0.051094938,571.8045126,571.8079434,0,572.307689,2,"precursor [M+1]","precursor",1,2,0.2939,0.003434
"peptides1","DAKELVDGAPK",571.806228,2,"DAKELVDGAPK2",1.271257273,0.051094938,571.8045126,571.8079434,0,572.80901,2,"precursor [M+2]","precursor",2,3,0.0964,0.003437
"peptides1","DAKELVDGAPK",571.806228,2,"DAKELVDGAPK2",1.271257273,0.051094938,571.8045126,571.8079434,0,573.310293,2,"precursor [M+3]","precursor",3,4,0.0243,0.00344
"peptides1","DAKELVDGAPK",381.53991,3,"DAKELVDGAPK3",1.276359512,0.051294536,381.5387654,381.5410546,0,381.53991,3,"precursor","precursor",0,1,0.5288,0.002289
"peptides1","DAKELVDGAPK",381.53991,3,"DAKELVDGAPK3",1.276359512,0.051294536,381.5387654,381.5410546,0,381.874218,3,"precursor [M+1]","precursor",1,2,0.2939,0.002291
"peptides1","DAKELVDGAPK",381.53991,3,"DAKELVDGAPK3",1.276359512,0.051294536,381.5387654,381.5410546,0,382.208432,3,"precursor [M+2]","precursor",2,3,0.0964,0.002293
"peptides1","DAKELVDGAPK",381.53991,3,"DAKELVDGAPK3",1.276359512,0.051294536,381.5387654,381.5410546,0,382.54262,3,"precursor [M+3]","precursor",3,4,0.0243,0.002295
"peptides1","DVVAADFGQAVADKVR",554.293287,3,"DVVAADFGQAVADKVR3",2.023937619,0.060919917,554.2916241,554.2949499,0,554.293287,3,"precursor","precursor",0,1,0.392,0.003326
"peptides1","DVVAADFGQAVADKVR",554.293287,3,"DVVAADFGQAVADKVR3",2.023937619,0.060919917,554.2916241,554.2949499,0,554.627578,3,"precursor [M+1]","precursor",1,2,0.3195,0.003328
"peptides1","DVVAADFGQAVADKVR",554.293287,3,"DVVAADFGQAVADKVR3",2.023937619,0.060919917,554.2916241,554.2949499,0,554.961812,3,"precursor [M+2]","precursor",2,3,0.1482,0.00333
"peptides1","DVVAADFGQAVADKVR",554.293287,3,"DVVAADFGQAVADKVR3",2.023937619,0.060919917,554.2916241,554.2949499,0,555.296016,3,"precursor [M+3]","precursor",3,4,0.0595,0.003332
"peptides1","DVVAADFGQAVADKVR",554.293287,3,"DVVAADFGQAVADKVR3",2.023937619,0.060919917,554.2916241,554.2949499,0,555.630202,3,"precursor [M+4]","precursor",4,5,0.0154,0.003334
"peptides1","DYASIDAAPEERER",541.253269,3,"DYASIDAAPEERER3",1.365228261,0.07586321,541.2516452,541.2548928,0,541.253269,3,"precursor","precursor",0,1,0.4132,0.003248
"peptides1","DYASIDAAPEERER",541.253269,3,"DYASIDAAPEERER3",1.365228261,0.07586321,541.2516452,541.2548928,0,541.587556,3,"precursor [M+1]","precursor",1,2,0.3139,0.00325
"peptides1","DYASIDAAPEERER",541.253269,3,"DYASIDAAPEERER3",1.365228261,0.07586321,541.2516452,541.2548928,0,541.921772,3,"precursor [M+2]","precursor",2,3,0.1408,0.003252
"peptides1","DYASIDAAPEERER",541.253269,3,"DYASIDAAPEERER3",1.365228261,0.07586321,541.2516452,541.2548928,0,542.255961,3,"precursor [M+3]","precursor",3,4,0.0531,0.003254
"peptides1","DYASIDAAPEERER",541.253269,3,"DYASIDAAPEERER3",1.365228261,0.07586321,541.2516452,541.2548928,0,542.59013,3,"precursor [M+4]","precursor",4,5,0.014,0.003256
"peptides1","EGGRTVGAGVVAK",400.894688,3,"EGGRTVGAGVVAK3",1.07514625,0.074764403,400.8934853,400.8958907,0,400.894688,3,"precursor","precursor",0,1,0.5162,0.002405
"peptides1","EGGRTVGAGVVAK",400.894688,3,"EGGRTVGAGVVAK3",1.07514625,0.074764403,400.8934853,400.8958907,0,401.228953,3,"precursor [M+1]","precursor",1,2,0.2929,0.002407
"peptides1","EGGRTVGAGVVAK",400.894688,3,"EGGRTVGAGVVAK3",1.07514625,0.074764403,400.8934853,400.8958907,0,401.563147,3,"precursor [M+2]","precursor",2,3,0.0962,0.002409
"peptides1","EGGRTVGAGVVAK",400.894688,3,"EGGRTVGAGVVAK3",1.07514625,0.074764403,400.8934853,400.8958907,0,401.897316,3,"precursor [M+3]","precursor",3,4,0.0242,0.002411
"peptides1","EGGRTVGSGVVTEIIK",801.446494,2,"EGGRTVGSGVVTEIIK2",1.698176842,0.104566169,801.4440897,801.4488983,0,801.446494,2,"precursor","precursor",0,1,0.4108,0.004809
"peptides1","EGGRTVGSGVVTEIIK",801.446494,2,"EGGRTVGSGVVTEIIK2",1.698176842,0.104566169,801.4440897,801.4488983,0,801.947931,2,"precursor [M+1]","precursor",1,2,0.317,0.004812
"peptides1","EGGRTVGSGVVTEIIK",801.446494,2,"EGGRTVGSGVVTEIIK2",1.698176842,0.104566169,801.4440897,801.4488983,0,802.449273,2,"precursor [M+2]","precursor",2,3,0.1413,0.004815
"peptides1","EGGRTVGSGVVTEIIK",801.446494,2,"EGGRTVGSGVVTEIIK2",1.698176842,0.104566169,801.4440897,801.4488983,0,802.950572,2,"precursor [M+3]","precursor",3,4,0.0525,0.004818
"peptides1","EGGRTVGSGVVTEIIK",801.446494,2,"EGGRTVGSGVVTEIIK2",1.698176842,0.104566169,801.4440897,801.4488983,0,803.451843,2,"precursor [M+4]","precursor",4,5,0.0136,0.004821
"peptides1","ELTNDRDADINDFVK",588.951478,3,"ELTNDRDADINDFVK3",1.666137368,0.027974354,588.9497111,588.9532449,0,588.951478,3,"precursor","precursor",0,1,0.3789,0.003534
"peptides1","ELTNDRDADINDFVK",588.951478,3,"ELTNDRDADINDFVK3",1.666137368,0.027974354,588.9497111,588.9532449,0,589.285774,3,"precursor [M+1]","precursor",1,2,0.3179,0.003536
"peptides1","ELTNDRDADINDFVK",588.951478,3,"ELTNDRDADINDFVK3",1.666137368,0.027974354,588.9497111,588.9532449,0,589.620004,3,"precursor [M+2]","precursor",2,3,0.1786,0.003538
"peptides1","ELTNDRDADINDFVK",588.951478,3,"ELTNDRDADINDFVK3",1.666137368,0.027974354,588.9497111,588.9532449,0,589.954205,3,"precursor [M+3]","precursor",3,4,0.0648,0.00354
"peptides1","ELTNDRDADINDFVK",588.951478,3,"ELTNDRDADINDFVK3",1.666137368,0.027974354,588.9497111,588.9532449,0,590.288387,3,"precursor [M+4]","precursor",4,5,0.0178,0.003542
"peptides1","EREIEQGKANQ",434.55299,3,"EREIEQGKANQ3",0.846504889,0.009765226,434.5516863,434.5542937,0,434.55299,3,"precursor","precursor",0,1,0.4985,0.002607
"peptides1","EREIEQGKANQ",434.55299,3,"EREIEQGKANQ3",0.846504889,0.009765226,434.5516863,434.5542937,0,434.887252,3,"precursor [M+1]","precursor",1,2,0.2944,0.002609
"peptides1","EREIEQGKANQ",434.55299,3,"EREIEQGKANQ3",0.846504889,0.009765226,434.5516863,434.5542937,0,435.221436,3,"precursor [M+2]","precursor",2,3,0.1035,0.002611
"peptides1","EREIEQGKANQ",434.55299,3,"EREIEQGKANQ3",0.846504889,0.009765226,434.5516863,434.5542937,0,435.555598,3,"precursor [M+3]","precursor",3,4,0.028,0.002613
"peptides1","FADFGSLDYGR",624.288202,2,"FADFGSLDYGR2",2.022938636,0.056211716,624.2863291,624.2900749,0,624.288202,2,"precursor","precursor",0,1,0.4832,0.003746
"peptides1","FADFGSLDYGR",624.288202,2,"FADFGSLDYGR2",2.022938636,0.056211716,624.2863291,624.2900749,0,624.789673,2,"precursor [M+1]","precursor",1,2,0.3106,0.003749
"peptides1","FADFGSLDYGR",624.288202,2,"FADFGSLDYGR2",2.022938636,0.056211716,624.2863291,624.2900749,0,625.291031,2,"precursor [M+2]","precursor",2,3,0.1128,0.003752
"peptides1","FADFGSLDYGR",624.288202,2,"FADFGSLDYGR2",2.022938636,0.056211716,624.2863291,624.2900749,0,625.792344,2,"precursor [M+3]","precursor",3,4,0.0308,0.003755
"peptides1","FFKSNSETIK",600.816595,2,"FFKSNSETIK2",1.217808913,0.019292207,600.8147926,600.8183974,0,600.816595,2,"precursor","precursor",0,1,0.4964,0.003605
"peptides1","FFKSNSETIK",600.816595,2,"FFKSNSETIK2",1.217808913,0.019292207,600.8147926,600.8183974,0,601.318078,2,"precursor [M+1]","precursor",1,2,0.3085,0.003608
"peptides1","FFKSNSETIK",600.816595,2,"FFKSNSETIK2",1.217808913,0.019292207,600.8147926,600.8183974,0,601.819443,2,"precursor [M+2]","precursor",2,3,0.108,0.003611
"peptides1","FFKSNSETIK",600.816595,2,"FFKSNSETIK2",1.217808913,0.019292207,600.8147926,600.8183974,0,602.320761,2,"precursor [M+3]","precursor",3,4,0.0286,0.003614
"peptides1","FGQGEAAPVVAPAPAPAPEVQTK",744.72682,3,"FGQGEAAPVVAPAPAPAPEVQTK3",1.629083333,0.01887491,744.7245858,744.7290542,0,744.72682,3,"precursor","precursor",0,2,0.2742,0.004468
"peptides1","FGQGEAAPVVAPAPAPAPEVQTK",744.72682,3,"FGQGEAAPVVAPAPAPAPEVQTK3",1.629083333,0.01887491,744.7245858,744.7290542,0,745.06113,3,"precursor [M+1]","precursor",1,1,0.3392,0.00447
"peptides1","FGQGEAAPVVAPAPAPAPEVQTK",744.72682,3,"FGQGEAAPVVAPAPAPAPEVQTK3",1.629083333,0.01887491,744.7245858,744.7290542,0,745.395397,3,"precursor [M+2]","precursor",2,3,0.2243,0.004472
"peptides1","FGQGEAAPVVAPAPAPAPEVQTK",744.72682,3,"FGQGEAAPVVAPAPAPAPEVQTK3",1.629083333,0.01887491,744.7245858,744.7290542,0,745.729636,3,"precursor [M+3]","precursor",3,4,0.1027,0.004474
"peptides1","FGQGEAAPVVAPAPAPAPEVQTK",744.72682,3,"FGQGEAAPVVAPAPAPAPEVQTK3",1.629083333,0.01887491,744.7245858,744.7290542,0,746.063857,3,"precursor [M+4]","precursor",4,5,0.0382,0.004476
"peptides1","FNDAVIR",417.727052,2,"FNDAVIR2",1.388816341,0.074202521,417.7257988,417.7283052,0,417.727052,2,"precursor","precursor",0,1,0.6196,0.002506
"peptides1","FNDAVIR",417.727052,2,"FNDAVIR2",1.388816341,0.074202521,417.7257988,417.7283052,0,418.228482,2,"precursor [M+1]","precursor",1,2,0.2538,0.002509
"peptides1","FNDAVIR",417.727052,2,"FNDAVIR2",1.388816341,0.074202521,417.7257988,417.7283052,0,418.729774,2,"precursor [M+2]","precursor",2,3,0.0648,0.002512
"peptides1","FNDAVIR",417.727052,2,"FNDAVIR2",1.388816341,0.074202521,417.7257988,417.7283052,0,419.231029,2,"precursor [M+3]","precursor",3,4,0.0124,0.002515
"peptides1","FTIAASFGNVHGVYKPGNVQLTPK",849.123574,3,"FTIAASFGNVHGVYKPGNVQLTPK3",2.087807391,0.06117192,849.1210266,849.1261214,0,849.123574,3,"precursor","precursor",0,3,0.2224,0.005095
"peptides1","FTIAASFGNVHGVYKPGNVQLTPK",849.123574,3,"FTIAASFGNVHGVYKPGNVQLTPK3",2.087807391,0.06117192,849.1210266,849.1261214,0,849.45788,3,"precursor [M+1]","precursor",1,1,0.3215,0.005097
"peptides1","FTIAASFGNVHGVYKPGNVQLTPK",849.123574,3,"FTIAASFGNVHGVYKPGNVQLTPK3",2.087807391,0.06117192,849.1210266,849.1261214,0,849.792153,3,"precursor [M+2]","precursor",2,2,0.2439,0.005099
"peptides1","FTIAASFGNVHGVYKPGNVQLTPK",849.123574,3,"FTIAASFGNVHGVYKPGNVQLTPK3",2.087807391,0.06117192,849.1210266,849.1261214,0,850.126402,3,"precursor [M+3]","precursor",3,4,0.1288,0.005101
"peptides1","FTIAASFGNVHGVYKPGNVQLTPK",849.123574,3,"FTIAASFGNVHGVYKPGNVQLTPK3",2.087807391,0.06117192,849.1210266,849.1261214,0,850.460634,3,"precursor [M+4]","precursor",4,5,0.0529,0.005103
"peptides1","FTIAASFGNVHGVYKPGNVQLTPK",637.094499,4,"FTIAASFGNVHGVYKPGNVQLTPK4",2.079914545,0.056337644,637.0925877,637.0964103,0,637.094499,4,"precursor","precursor",0,3,0.2224,0.003823
"peptides1","FTIAASFGNVHGVYKPGNVQLTPK",637.094499,4,"FTIAASFGNVHGVYKPGNVQLTPK4",2.079914545,0.056337644,637.0925877,637.0964103,0,637.345229,4,"precursor [M+1]","precursor",1,1,0.3215,0.003824
"peptides1","FTIAASFGNVHGVYKPGNVQLTPK",637.094499,4,"FTIAASFGNVHGVYKPGNVQLTPK4",2.079914545,0.056337644,637.0925877,637.0964103,0,637.595933,4,"precursor [M+2]","precursor",2,2,0.2439,0.003826
"peptides1","FTIAASFGNVHGVYKPGNVQLTPK",637.094499,4,"FTIAASFGNVHGVYKPGNVQLTPK4",2.079914545,0.056337644,637.0925877,637.0964103,0,637.846621,4,"precursor [M+3]","precursor",3,4,0.1288,0.003827
"peptides1","FTIAASFGNVHGVYKPGNVQLTPK",637.094499,4,"FTIAASFGNVHGVYKPGNVQLTPK4",2.079914545,0.056337644,637.0925877,637.0964103,0,638.097295,4,"precursor [M+4]","precursor",4,5,0.0529,0.003829
"peptides1","FVKREELGGETNES",532.261764,3,"FVKREELGGETNES3",1.164425897,0.064280033,532.2601672,532.2633608,0,532.261764,3,"precursor","precursor",0,1,0.4156,0.003194
"peptides1","FVKREELGGETNES",532.261764,3,"FVKREELGGETNES3",1.164425897,0.064280033,532.2601672,532.2633608,0,532.59606,3,"precursor [M+1]","precursor",1,2,0.3157,0.003196
"peptides1","FVKREELGGETNES",532.261764,3,"FVKREELGGETNES3",1.164425897,0.064280033,532.2601672,532.2633608,0,532.930285,3,"precursor [M+2]","precursor",2,3,0.1408,0.003198
"peptides1","FVKREELGGETNES",532.261764,3,"FVKREELGGETNES3",1.164425897,0.064280033,532.2601672,532.2633608,0,533.264481,3,"precursor [M+3]","precursor",3,4,0.0523,0.0032
"peptides1","FVKREELGGETNES",532.261764,3,"FVKREELGGETNES3",1.164425897,0.064280033,532.2601672,532.2633608,0,533.598656,3,"precursor [M+4]","precursor",4,5,0.0137,0.003202
"peptides1","GAAQNIIPSSTGAAK",693.372797,2,"GAAQNIIPSSTGAAK2",1.401949583,0.074161668,693.3707169,693.3748771,0,693.372797,2,"precursor","precursor",0,1,0.4661,0.00416
"peptides1","GAAQNIIPSSTGAAK",693.372797,2,"GAAQNIIPSSTGAAK2",1.401949583,0.074161668,693.3707169,693.3748771,0,693.87422,2,"precursor [M+1]","precursor",1,2,0.3068,0.004163
"peptides1","GAAQNIIPSSTGAAK",693.372797,2,"GAAQNIIPSSTGAAK2",1.401949583,0.074161668,693.3707169,693.3748771,0,694.375536,2,"precursor [M+2]","precursor",2,3,0.1198,0.004166
"peptides1","GAAQNIIPSSTGAAK",693.372797,2,"GAAQNIIPSSTGAAK2",1.401949583,0.074161668,693.3707169,693.3748771,0,694.876811,2,"precursor [M+3]","precursor",3,4,0.0331,0.004169
"peptides1","GAFLIDKEGVVR",435.250471,3,"GAFLIDKEGVVR3",1.62778875,0.0314297,435.2491652,435.2517768,0,435.250471,3,"precursor","precursor",0,1,0.4691,0.002612
"peptides1","GAFLIDKEGVVR",435.250471,3,"GAFLIDKEGVVR3",1.62778875,0.0314297,435.2491652,435.2517768,0,435.584774,3,"precursor [M+1]","precursor",1,2,0.313,0.002614
"peptides1","GAFLIDKEGVVR",435.250471,3,"GAFLIDKEGVVR3",1.62778875,0.0314297,435.2491652,435.2517768,0,435.919012,3,"precursor [M+2]","precursor",2,3,0.1151,0.002616
"peptides1","GAFLIDKEGVVR",435.250471,3,"GAFLIDKEGVVR3",1.62778875,0.0314297,435.2491652,435.2517768,0,436.25322,3,"precursor [M+3]","precursor",3,4,0.0318,0.002618
"peptides1","GALDTSGVDGRR",401.874064,3,"GALDTSGVDGRR3",1.1500825,0.05154164,401.8728584,401.8752696,0,401.874064,3,"precursor","precursor",0,1,0.5294,0.002411
"peptides1","GALDTSGVDGRR",401.874064,3,"GALDTSGVDGRR3",1.1500825,0.05154164,401.8728584,401.8752696,0,402.208306,3,"precursor [M+1]","precursor",1,2,0.2828,0.002413
"peptides1","GALDTSGVDGRR",401.874064,3,"GALDTSGVDGRR3",1.1500825,0.05154164,401.8728584,401.8752696,0,402.542472,3,"precursor [M+2]","precursor",2,3,0.0917,0.002415
"peptides1","GALDTSGVDGRR",401.874064,3,"GALDTSGVDGRR3",1.1500825,0.05154164,401.8728584,401.8752696,0,402.876619,3,"precursor [M+3]","precursor",3,4,0.023,0.002417
"peptides1","GASHPHTAQQPQELKI",436.229959,4,"GASHPHTAQQPQELKI4",1.261453636,0.032254686,436.2286503,436.2312677,0,436.229959,4,"precursor","precursor",0,1,0.3751,0.002617
"peptides1","GASHPHTAQQPQELKI",436.229959,4,"GASHPHTAQQPQELKI4",1.261453636,0.032254686,436.2286503,436.2312677,0,436.480664,4,"precursor [M+1]","precursor",1,2,0.3182,0.002619
"peptides1","GASHPHTAQQPQELKI",436.229959,4,"GASHPHTAQQPQELKI4",1.261453636,0.032254686,436.2286503,436.2312677,0,436.731333,4,"precursor [M+2]","precursor",2,3,0.1797,0.00262
"peptides1","GASHPHTAQQPQELKI",436.229959,4,"GASHPHTAQQPQELKI4",1.261453636,0.032254686,436.2286503,436.2312677,0,436.981981,4,"precursor [M+3]","precursor",3,4,0.064,0.002622
"peptides1","GASHPHTAQQPQELKI",436.229959,4,"GASHPHTAQQPQELKI4",1.261453636,0.032254686,436.2286503,436.2312677,0,437.232617,4,"precursor [M+4]","precursor",4,5,0.0171,0.002623
"peptides1","GAVETAEKLEAPLIVVATQGGK",727.742359,3,"GAVETAEKLEAPLIVVATQGGK3",2.478433043,0.036431626,727.7401758,727.7445422,0,727.742359,3,"precursor","precursor",0,2,0.2897,0.004366
"peptides1","GAVETAEKLEAPLIVVATQGGK",727.742359,3,"GAVETAEKLEAPLIVVATQGGK3",2.478433043,0.036431626,727.7401758,727.7445422,0,728.076669,3,"precursor [M+1]","precursor",1,1,0.3418,0.004368
"peptides1","GAVETAEKLEAPLIVVATQGGK",727.742359,3,"GAVETAEKLEAPLIVVATQGGK3",2.478433043,0.036431626,727.7401758,727.7445422,0,728.410931,3,"precursor [M+2]","precursor",2,3,0.2177,0.00437
"peptides1","GAVETAEKLEAPLIVVATQGGK",727.742359,3,"GAVETAEKLEAPLIVVATQGGK3",2.478433043,0.036431626,727.7401758,727.7445422,0,728.745165,3,"precursor [M+3]","precursor",3,4,0.0965,0.004372
"peptides1","GAVETAEKLEAPLIVVATQGGK",727.742359,3,"GAVETAEKLEAPLIVVATQGGK3",2.478433043,0.036431626,727.7401758,727.7445422,0,729.079379,3,"precursor [M+4]","precursor",4,5,0.035,0.004374
"peptides1","GAVPGATGSDLIVKPAVKA",876.006718,2,"GAVPGATGSDLIVKPAVKA2",1.596716901,0.059566995,876.00409,876.009346,0,876.006718,2,"precursor","precursor",0,1,0.3662,0.005256
"peptides1","GAVPGATGSDLIVKPAVKA",876.006718,2,"GAVPGATGSDLIVKPAVKA2",1.596716901,0.059566995,876.00409,876.009346,0,876.508176,2,"precursor [M+1]","precursor",1,2,0.3235,0.005259
"peptides1","GAVPGATGSDLIVKPAVKA",876.006718,2,"GAVPGATGSDLIVKPAVKA2",1.596716901,0.059566995,876.00409,876.009346,0,877.009554,2,"precursor [M+2]","precursor",2,3,0.1597,0.005262
"peptides1","GAVPGATGSDLIVKPAVKA",876.006718,2,"GAVPGATGSDLIVKPAVKA2",1.596716901,0.059566995,876.00409,876.009346,0,877.510887,2,"precursor [M+3]","precursor",3,4,0.0673,0.005265
"peptides1","GAVPGATGSDLIVKPAVKA",876.006718,2,"GAVPGATGSDLIVKPAVKA2",1.596716901,0.059566995,876.00409,876.009346,0,878.012191,2,"precursor [M+4]","precursor",4,5,0.0183,0.005268
"peptides1","GFLIGGTSGR",482.764166,2,"GFLIGGTSGR2",1.643151594,0.063549018,482.7627177,482.7656143,0,482.764166,2,"precursor","precursor",0,1,0.5788,0.002897
"peptides1","GFLIGGTSGR",482.764166,2,"GFLIGGTSGR2",1.643151594,0.063549018,482.7627177,482.7656143,0,483.265587,2,"precursor [M+1]","precursor",1,2,0.2693,0.0029
"peptides1","GFLIGGTSGR",482.764166,2,"GFLIGGTSGR2",1.643151594,0.063549018,482.7627177,482.7656143,0,483.766883,2,"precursor [M+2]","precursor",2,3,0.0769,0.002903
"peptides1","GFLIGGTSGR",482.764166,2,"GFLIGGTSGR2",1.643151594,0.063549018,482.7627177,482.7656143,0,484.268142,2,"precursor [M+3]","precursor",3,4,0.0164,0.002906
"peptides1","GGRGAAQNIIPSSTGAAK",828.444817,2,"GGRGAAQNIIPSSTGAAK2",1.301585833,0.097185602,828.4423317,828.4473023,0,828.444817,2,"precursor","precursor",0,1,0.4049,0.004971
"peptides1","GGRGAAQNIIPSSTGAAK",828.444817,2,"GGRGAAQNIIPSSTGAAK2",1.301585833,0.097185602,828.4423317,828.4473023,0,828.946204,2,"precursor [M+1]","precursor",1,2,0.3124,0.004974
"peptides1","GGRGAAQNIIPSSTGAAK",828.444817,2,"GGRGAAQNIIPSSTGAAK2",1.301585833,0.097185602,828.4423317,828.4473023,0,829.447509,2,"precursor [M+2]","precursor",2,3,0.1393,0.004977
"peptides1","GGRGAAQNIIPSSTGAAK",828.444817,2,"GGRGAAQNIIPSSTGAAK2",1.301585833,0.097185602,828.4423317,828.4473023,0,829.948777,2,"precursor [M+3]","precursor",3,4,0.0535,0.00498
"peptides1","GGRGAAQNIIPSSTGAAK",828.444817,2,"GGRGAAQNIIPSSTGAAK2",1.301585833,0.097185602,828.4423317,828.4473023,0,830.450021,2,"precursor [M+4]","precursor",4,5,0.0139,0.004983
"peptides1","GITINTSHVEYDTPTR",902.447222,2,"GITINTSHVEYDTPTR2",1.515724894,0.039358246,902.4445147,902.4499293,0,902.447222,2,"precursor","precursor",0,1,0.366,0.005415
"peptides1","GITINTSHVEYDTPTR",902.447222,2,"GITINTSHVEYDTPTR2",1.515724894,0.039358246,902.4445147,902.4499293,0,902.948663,2,"precursor [M+1]","precursor",1,2,0.3192,0.005418
"peptides1","GITINTSHVEYDTPTR",902.447222,2,"GITINTSHVEYDTPTR2",1.515724894,0.039358246,902.4445147,902.4499293,0,903.450016,2,"precursor [M+2]","precursor",2,3,0.1843,0.005421
"peptides1","GITINTSHVEYDTPTR",902.447222,2,"GITINTSHVEYDTPTR2",1.515724894,0.039358246,902.4445147,902.4499293,0,903.951325,2,"precursor [M+3]","precursor",3,4,0.0683,0.005424
"peptides1","GITINTSHVEYDTPTR",902.447222,2,"GITINTSHVEYDTPTR2",1.515724894,0.039358246,902.4445147,902.4499293,0,904.452605,2,"precursor [M+4]","precursor",4,5,0.0191,0.005427
"peptides1","GITINTSHVEYDTPTR",601.96724,3,"GITINTSHVEYDTPTR3",1.517428298,0.040059902,601.9654341,601.9690459,0,601.96724,3,"precursor","precursor",0,1,0.366,0.003612
"peptides1","GITINTSHVEYDTPTR",601.96724,3,"GITINTSHVEYDTPTR3",1.517428298,0.040059902,601.9654341,601.9690459,0,602.301534,3,"precursor [M+1]","precursor",1,2,0.3192,0.003614
"peptides1","GITINTSHVEYDTPTR",601.96724,3,"GITINTSHVEYDTPTR3",1.517428298,0.040059902,601.9654341,601.9690459,0,602.635769,3,"precursor [M+2]","precursor",2,3,0.1843,0.003616
"peptides1","GITINTSHVEYDTPTR",601.96724,3,"GITINTSHVEYDTPTR3",1.517428298,0.040059902,601.9654341,601.9690459,0,602.969975,3,"precursor [M+3]","precursor",3,4,0.0683,0.003618
"peptides1","GITINTSHVEYDTPTR",601.96724,3,"GITINTSHVEYDTPTR3",1.517428298,0.040059902,601.9654341,601.9690459,0,603.304162,3,"precursor [M+4]","precursor",4,5,0.0191,0.00362
"peptides1","GKSVEEIL",437.74765,2,"GKSVEEIL2",1.600570435,0.024610708,437.7463368,437.7489632,0,437.74765,2,"precursor","precursor",0,1,0.6122,0.002626
"peptides1","GKSVEEIL",437.74765,2,"GKSVEEIL2",1.600570435,0.024610708,437.7463368,437.7489632,0,438.249138,2,"precursor [M+1]","precursor",1,2,0.2582,0.002629
"peptides1","GKSVEEIL",437.74765,2,"GKSVEEIL2",1.600570435,0.024610708,437.7463368,437.7489632,0,438.750439,2,"precursor [M+2]","precursor",2,3,0.0708,0.002633
"peptides1","GKSVEEIL",437.74765,2,"GKSVEEIL2",1.600570435,0.024610708,437.7463368,437.7489632,0,439.251711,2,"precursor [M+3]","precursor",3,4,0.0147,0.002636
"peptides1","GKSVEEILGK",530.305863,2,"GKSVEEILGK2",1.424727234,0.054469312,530.3042721,530.3074539,0,530.305863,2,"precursor","precursor",0,1,0.5511,0.003182
"peptides1","GKSVEEILGK",530.305863,2,"GKSVEEILGK2",1.424727234,0.054469312,530.3042721,530.3074539,0,530.80733,2,"precursor [M+1]","precursor",1,2,0.2812,0.003185
"peptides1","GKSVEEILGK",530.305863,2,"GKSVEEILGK2",1.424727234,0.054469312,530.3042721,530.3074539,0,531.308653,2,"precursor [M+2]","precursor",2,3,0.0886,0.003188
"peptides1","GKSVEEILGK",530.305863,2,"GKSVEEILGK2",1.424727234,0.054469312,530.3042721,530.3074539,0,531.809937,2,"precursor [M+3]","precursor",3,4,0.021,0.003191
"peptides1","GLDVKDLEHPIEVPVGK",615.675397,3,"GLDVKDLEHPIEVPVGK3",1.957911957,0.050100118,615.67355,615.677244,0,615.675397,3,"precursor","precursor",0,1,0.345,0.003694
"peptides1","GLDVKDLEHPIEVPVGK",615.675397,3,"GLDVKDLEHPIEVPVGK3",1.957911957,0.050100118,615.67355,615.677244,0,616.009711,3,"precursor [M+1]","precursor",1,2,0.3241,0.003696
"peptides1","GLDVKDLEHPIEVPVGK",615.675397,3,"GLDVKDLEHPIEVPVGK3",1.957911957,0.050100118,615.67355,615.677244,0,616.343971,3,"precursor [M+2]","precursor",2,3,0.1938,0.003698
"peptides1","GLDVKDLEHPIEVPVGK",615.675397,3,"GLDVKDLEHPIEVPVGK3",1.957911957,0.050100118,615.67355,615.677244,0,616.678202,3,"precursor [M+3]","precursor",3,4,0.0748,0.0037
"peptides1","GLDVKDLEHPIEVPVGK",615.675397,3,"GLDVKDLEHPIEVPVGK3",1.957911957,0.050100118,615.67355,615.677244,0,617.012412,3,"precursor [M+4]","precursor",4,5,0.0224,0.003702
"peptides1","GLDVKDLEHPIEVPVGK",462.008367,4,"GLDVKDLEHPIEVPVGK4",1.953510833,0.04904419,462.006981,462.009753,0,462.008367,4,"precursor","precursor",0,1,0.345,0.002772
"peptides1","GLDVKDLEHPIEVPVGK",462.008367,4,"GLDVKDLEHPIEVPVGK4",1.953510833,0.04904419,462.006981,462.009753,0,462.259102,4,"precursor [M+1]","precursor",1,2,0.3241,0.002774
"peptides1","GLDVKDLEHPIEVPVGK",462.008367,4,"GLDVKDLEHPIEVPVGK4",1.953510833,0.04904419,462.006981,462.009753,0,462.509798,4,"precursor [M+2]","precursor",2,3,0.1938,0.002775
"peptides1","GLDVKDLEHPIEVPVGK",462.008367,4,"GLDVKDLEHPIEVPVGK4",1.953510833,0.04904419,462.006981,462.009753,0,462.76047,4,"precursor [M+3]","precursor",3,4,0.0748,0.002777
"peptides1","GLDVKDLEHPIEVPVGK",462.008367,4,"GLDVKDLEHPIEVPVGK4",1.953510833,0.04904419,462.006981,462.009753,0,463.011128,4,"precursor [M+4]","precursor",4,5,0.0224,0.002778
"peptides1","GLKVEDLGHPIEVPVGK",596.340238,3,"GLKVEDLGHPIEVPVGK3",1.750670435,0.075710532,596.338449,596.342027,0,596.340238,3,"precursor","precursor",0,1,0.3544,0.003578
"peptides1","GLKVEDLGHPIEVPVGK",596.340238,3,"GLKVEDLGHPIEVPVGK3",1.750670435,0.075710532,596.338449,596.342027,0,596.674547,3,"precursor [M+1]","precursor",1,2,0.3248,0.00358
"peptides1","GLKVEDLGHPIEVPVGK",596.340238,3,"GLKVEDLGHPIEVPVGK3",1.750670435,0.075710532,596.338449,596.342027,0,597.008806,3,"precursor [M+2]","precursor",2,3,0.1895,0.003582
"peptides1","GLKVEDLGHPIEVPVGK",596.340238,3,"GLKVEDLGHPIEVPVGK3",1.750670435,0.075710532,596.338449,596.342027,0,597.343036,3,"precursor [M+3]","precursor",3,4,0.0711,0.003584
"peptides1","GLKVEDLGHPIEVPVGK",596.340238,3,"GLKVEDLGHPIEVPVGK3",1.750670435,0.075710532,596.338449,596.342027,0,597.677245,3,"precursor [M+4]","precursor",4,5,0.0206,0.003586
"peptides1","GLNSAFTVR",482.764166,2,"GLNSAFTVR2",1.568147917,0.028135438,482.7627177,482.7656143,0,482.764166,2,"precursor","precursor",0,1,0.5788,0.002897
"peptides1","GLNSAFTVR",482.764166,2,"GLNSAFTVR2",1.568147917,0.028135438,482.7627177,482.7656143,0,483.265587,2,"precursor [M+1]","precursor",1,2,0.2693,0.0029
"peptides1","GLNSAFTVR",482.764166,2,"GLNSAFTVR2",1.568147917,0.028135438,482.7627177,482.7656143,0,483.766883,2,"precursor [M+2]","precursor",2,3,0.0769,0.002903
"peptides1","GLNSAFTVR",482.764166,2,"GLNSAFTVR2",1.568147917,0.028135438,482.7627177,482.7656143,0,484.268142,2,"precursor [M+3]","precursor",3,4,0.0164,0.002906
"peptides1","GLTDAAQQVVAAVEGK",778.917569,2,"GLTDAAQQVVAAVEGK2",2.650352609,0.014092692,778.9152322,778.9199058,0,778.917569,2,"precursor","precursor",0,1,0.4218,0.004674
"peptides1","GLTDAAQQVVAAVEGK",778.917569,2,"GLTDAAQQVVAAVEGK2",2.650352609,0.014092692,778.9152322,778.9199058,0,779.419011,2,"precursor [M+1]","precursor",1,2,0.3158,0.004677
"peptides1","GLTDAAQQVVAAVEGK",778.917569,2,"GLTDAAQQVVAAVEGK2",2.650352609,0.014092692,778.9152322,778.9199058,0,779.920351,2,"precursor [M+2]","precursor",2,3,0.1377,0.00468
"peptides1","GLTDAAQQVVAAVEGK",778.917569,2,"GLTDAAQQVVAAVEGK2",2.650352609,0.014092692,778.9152322,778.9199058,0,780.421648,2,"precursor [M+3]","precursor",3,4,0.05,0.004683
"peptides1","GLTDAAQQVVAAVEGK",778.917569,2,"GLTDAAQQVVAAVEGK2",2.650352609,0.014092692,778.9152322,778.9199058,0,780.922916,2,"precursor [M+4]","precursor",4,5,0.0128,0.004686
"peptides1","GLTVEQDTNLRR",467.919673,3,"GLTVEQDTNLRR3",1.327322174,0.09370324,467.9182692,467.9210768,0,467.919673,3,"precursor","precursor",0,1,0.4678,0.002808
"peptides1","GLTVEQDTNLRR",467.919673,3,"GLTVEQDTNLRR3",1.327322174,0.09370324,467.9182692,467.9210768,0,468.253933,3,"precursor [M+1]","precursor",1,2,0.3027,0.00281
"peptides1","GLTVEQDTNLRR",467.919673,3,"GLTVEQDTNLRR3",1.327322174,0.09370324,467.9182692,467.9210768,0,468.588126,3,"precursor [M+2]","precursor",2,3,0.1126,0.002812
"peptides1","GLTVEQDTNLRR",467.919673,3,"GLTVEQDTNLRR3",1.327322174,0.09370324,467.9182692,467.9210768,0,468.922295,3,"precursor [M+3]","precursor",3,4,0.0388,0.002814
"peptides1","GMQNGDNFKILYALADKLGAAVGASR",894.134033,3,"GMQNGDNFKILYALADKLGAAVGASR3",2.830260476,0.008550063,894.1313506,894.1367154,0,894.134033,3,"precursor","precursor",0,3,0.2091,0.005365
"peptides1","GMQNGDNFKILYALADKLGAAVGASR",894.134033,3,"GMQNGDNFKILYALADKLGAAVGASR3",2.830260476,0.008550063,894.1313506,894.1367154,0,894.468318,3,"precursor [M+1]","precursor",1,1,0.3044,0.005367
"peptides1","GMQNGDNFKILYALADKLGAAVGASR",894.134033,3,"GMQNGDNFKILYALADKLGAAVGASR3",2.830260476,0.008550063,894.1313506,894.1367154,0,894.802445,3,"precursor [M+2]","precursor",2,2,0.2337,0.005369
"peptides1","GMQNGDNFKILYALADKLGAAVGASR",894.134033,3,"GMQNGDNFKILYALADKLGAAVGASR3",2.830260476,0.008550063,894.1313506,894.1367154,0,895.136492,3,"precursor [M+3]","precursor",3,4,0.1255,0.005371
"peptides1","GMQNGDNFKILYALADKLGAAVGASR",894.134033,3,"GMQNGDNFKILYALADKLGAAVGASR3",2.830260476,0.008550063,894.1313506,894.1367154,0,895.470501,3,"precursor [M+4]","precursor",4,5,0.0607,0.005373
"peptides1","GMVNAISHLVTVEEA",785.400698,2,"GMVNAISHLVTVEEA2",2.452055238,0.040323877,785.3983418,785.4030542,0,785.400698,2,"precursor","precursor",0,1,0.3989,0.004712
"peptides1","GMVNAISHLVTVEEA",785.400698,2,"GMVNAISHLVTVEEA2",2.452055238,0.040323877,785.3983418,785.4030542,0,785.902139,2,"precursor [M+1]","precursor",1,2,0.306,0.004715
"peptides1","GMVNAISHLVTVEEA",785.400698,2,"GMVNAISHLVTVEEA2",2.452055238,0.040323877,785.3983418,785.4030542,0,786.402985,2,"precursor [M+2]","precursor",2,3,0.1497,0.004718
"peptides1","GMVNAISHLVTVEEA",785.400698,2,"GMVNAISHLVTVEEA2",2.452055238,0.040323877,785.3983418,785.4030542,0,786.903758,2,"precursor [M+3]","precursor",3,4,0.0504,0.004721
"peptides1","GMVNTISHLVDVEEV",821.411262,2,"GMVNTISHLVDVEEV2",2.574384286,0.01583464,821.4087978,821.4137262,0,821.411262,2,"precursor","precursor",0,1,0.384,0.004928
"peptides1","GMVNTISHLVDVEEV",821.411262,2,"GMVNTISHLVDVEEV2",2.574384286,0.01583464,821.4087978,821.4137262,0,821.912714,2,"precursor [M+1]","precursor",1,2,0.3077,0.004931
"peptides1","GMVNTISHLVDVEEV",821.411262,2,"GMVNTISHLVDVEEV2",2.574384286,0.01583464,821.4087978,821.4137262,0,822.413602,2,"precursor [M+2]","precursor",2,3,0.1564,0.004934
"peptides1","GMVNTISHLVDVEEV",821.411262,2,"GMVNTISHLVDVEEV2",2.574384286,0.01583464,821.4087978,821.4137262,0,822.91441,2,"precursor [M+3]","precursor",3,4,0.0549,0.004937
"peptides1","GNGFATYR",443.214309,2,"GNGFATYR2",1.2983875,0.018656069,443.2129794,443.2156386,0,443.214309,2,"precursor","precursor",0,1,0.6028,0.002659
"peptides1","GNGFATYR",443.214309,2,"GNGFATYR2",1.2983875,0.018656069,443.2129794,443.2156386,0,443.715727,2,"precursor [M+1]","precursor",1,2,0.2604,0.002662
"peptides1","GNGFATYR",443.214309,2,"GNGFATYR2",1.2983875,0.018656069,443.2129794,443.2156386,0,444.217014,2,"precursor [M+2]","precursor",2,3,0.0699,0.002665
"peptides1","GNGFATYR",443.214309,2,"GNGFATYR2",1.2983875,0.018656069,443.2129794,443.2156386,0,444.718265,2,"precursor [M+3]","precursor",3,4,0.0141,0.002668
"peptides1","GTVVTGRVER",537.306729,2,"GTVVTGRVER2",1.050150119,0.062255438,537.3051171,537.3083409,0,537.306729,2,"precursor","precursor",0,1,0.5565,0.003224
"peptides1","GTVVTGRVER",537.306729,2,"GTVVTGRVER2",1.050150119,0.062255438,537.3051171,537.3083409,0,537.808109,2,"precursor [M+1]","precursor",1,2,0.2715,0.003227
"peptides1","GTVVTGRVER",537.306729,2,"GTVVTGRVER2",1.050150119,0.062255438,537.3051171,537.3083409,0,538.309376,2,"precursor [M+2]","precursor",2,3,0.0823,0.00323
"peptides1","GTVVTGRVER",537.306729,2,"GTVVTGRVER2",1.050150119,0.062255438,537.3051171,537.3083409,0,538.810609,2,"precursor [M+3]","precursor",3,4,0.0187,0.003233
"peptides1","GVNVLADAVKVTLGPKGR",449.270355,4,"GVNVLADAVKVTLGPKGR4",2.144321549,0.062725739,449.2690072,449.2717028,0,449.270355,4,"precursor","precursor",0,1,0.3589,0.002696
"peptides1","GVNVLADAVKVTLGPKGR",449.270355,4,"GVNVLADAVKVTLGPKGR4",2.144321549,0.062725739,449.2690072,449.2717028,0,449.521069,4,"precursor [M+1]","precursor",1,2,0.3211,0.002697
"peptides1","GVNVLADAVKVTLGPKGR",449.270355,4,"GVNVLADAVKVTLGPKGR4",2.144321549,0.062725739,449.2690072,449.2717028,0,449.771749,4,"precursor [M+2]","precursor",2,3,0.1871,0.002699
"peptides1","GVNVLADAVKVTLGPKGR",449.270355,4,"GVNVLADAVKVTLGPKGR4",2.144321549,0.062725739,449.2690072,449.2717028,0,450.022408,4,"precursor [M+3]","precursor",3,4,0.0689,0.0027
"peptides1","GVNVLADAVKVTLGPKGR",449.270355,4,"GVNVLADAVKVTLGPKGR4",2.144321549,0.062725739,449.2690072,449.2717028,0,450.273054,4,"precursor [M+4]","precursor",4,5,0.0188,0.002702
"peptides1","GYKEVVTQPAA",581.80877,2,"GYKEVVTQPAA2",1.307275417,0.074093763,581.8070246,581.8105154,0,581.80877,2,"precursor","precursor",0,1,0.513,0.003491
"peptides1","GYKEVVTQPAA",581.80877,2,"GYKEVVTQPAA2",1.307275417,0.074093763,581.8070246,581.8105154,0,582.310243,2,"precursor [M+1]","precursor",1,2,0.3018,0.003494
"peptides1","GYKEVVTQPAA",581.80877,2,"GYKEVVTQPAA2",1.307275417,0.074093763,581.8070246,581.8105154,0,582.811589,2,"precursor [M+2]","precursor",2,3,0.1018,0.003497
"peptides1","GYKEVVTQPAA",581.80877,2,"GYKEVVTQPAA2",1.307275417,0.074093763,581.8070246,581.8105154,0,583.312891,2,"precursor [M+3]","precursor",3,4,0.0261,0.0035
"peptides1","GYVPASTR",425.724509,2,"GYVPASTR2",1.140868571,0.014633883,425.7232318,425.7257862,0,425.724509,2,"precursor","precursor",0,1,0.6181,0.002554
"peptides1","GYVPASTR",425.724509,2,"GYVPASTR2",1.140868571,0.014633883,425.7232318,425.7257862,0,426.22594,2,"precursor [M+1]","precursor",1,2,0.2534,0.002557
"peptides1","GYVPASTR",425.724509,2,"GYVPASTR2",1.140868571,0.014633883,425.7232318,425.7257862,0,426.727223,2,"precursor [M+2]","precursor",2,3,0.066,0.00256
"peptides1","GYVPASTR",425.724509,2,"GYVPASTR2",1.140868571,0.014633883,425.7232318,425.7257862,0,427.228473,2,"precursor [M+3]","precursor",3,4,0.0129,0.002563
"peptides1","HHITADGYYR",411.531749,3,"HHITADGYYR3",1.15239375,0.017498973,411.5305144,411.5329836,0,411.531749,3,"precursor","precursor",0,1,0.4909,0.002469
"peptides1","HHITADGYYR",411.531749,3,"HHITADGYYR3",1.15239375,0.017498973,411.5305144,411.5329836,0,411.866027,3,"precursor [M+1]","precursor",1,2,0.3043,0.002471
"peptides1","HHITADGYYR",411.531749,3,"HHITADGYYR3",1.15239375,0.017498973,411.5305144,411.5329836,0,412.200242,3,"precursor [M+2]","precursor",2,3,0.1058,0.002473
"peptides1","HHITADGYYR",411.531749,3,"HHITADGYYR3",1.15239375,0.017498973,411.5305144,411.5329836,0,412.534429,3,"precursor [M+3]","precursor",3,4,0.0276,0.002475
"peptides1","HKANLQAQIK",384.22789,3,"HKANLQAQIK3",0.969005955,0.011465619,384.2267373,384.2290427,0,384.22789,3,"precursor","precursor",0,1,0.5201,0.002305
"peptides1","HKANLQAQIK",384.22789,3,"HKANLQAQIK3",0.969005955,0.011465619,384.2267373,384.2290427,0,384.562154,3,"precursor [M+1]","precursor",1,2,0.2878,0.002307
"peptides1","HKANLQAQIK",384.22789,3,"HKANLQAQIK3",0.969005955,0.011465619,384.2267373,384.2290427,0,384.896357,3,"precursor [M+2]","precursor",2,3,0.0934,0.002309
"peptides1","HKANLQAQIK",384.22789,3,"HKANLQAQIK3",0.969005955,0.011465619,384.2267373,384.2290427,0,385.230534,3,"precursor [M+3]","precursor",3,4,0.0224,0.002311
"peptides1","HLVTVEEK",477.766374,2,"HLVTVEEK2",1.072278043,0.072683495,477.7649407,477.7678073,0,477.766374,2,"precursor","precursor",0,1,0.5815,0.002867
"peptides1","HLVTVEEK",477.766374,2,"HLVTVEEK2",1.072278043,0.072683495,477.7649407,477.7678073,0,478.267838,2,"precursor [M+1]","precursor",1,2,0.2707,0.00287
"peptides1","HLVTVEEK",477.766374,2,"HLVTVEEK2",1.072278043,0.072683495,477.7649407,477.7678073,0,478.769152,2,"precursor [M+2]","precursor",2,3,0.0785,0.002873
"peptides1","HLVTVEEK",477.766374,2,"HLVTVEEK2",1.072278043,0.072683495,477.7649407,477.7678073,0,479.270427,2,"precursor [M+3]","precursor",3,4,0.0171,0.002876
"peptides1","HSTAEKPVFNR",429.226437,3,"HSTAEKPVFNR3",1.047091739,0.013636877,429.2251493,429.2277247,0,429.226437,3,"precursor","precursor",0,1,0.4819,0.002575
"peptides1","HSTAEKPVFNR",429.226437,3,"HSTAEKPVFNR3",1.047091739,0.013636877,429.2251493,429.2277247,0,429.56071,3,"precursor [M+1]","precursor",1,2,0.305,0.002577
"peptides1","HSTAEKPVFNR",429.226437,3,"HSTAEKPVFNR3",1.047091739,0.013636877,429.2251493,429.2277247,0,429.894921,3,"precursor [M+2]","precursor",2,3,0.1082,0.002579
"peptides1","HSTAEKPVFNR",429.226437,3,"HSTAEKPVFNR3",1.047091739,0.013636877,429.2251493,429.2277247,0,430.229105,3,"precursor [M+3]","precursor",3,4,0.029,0.002581
"peptides1","IAAANVPAFVSGK",622.853512,2,"IAAANVPAFVSGK2",1.773737708,0.047474652,622.8516434,622.8553806,0,622.853512,2,"precursor","precursor",0,1,0.4827,0.003737
"peptides1","IAAANVPAFVSGK",622.853512,2,"IAAANVPAFVSGK2",1.773737708,0.047474652,622.8516434,622.8553806,0,623.354973,2,"precursor [M+1]","precursor",1,2,0.311,0.00374
"peptides1","IAAANVPAFVSGK",622.853512,2,"IAAANVPAFVSGK2",1.773737708,0.047474652,622.8516434,622.8553806,0,623.856334,2,"precursor [M+2]","precursor",2,3,0.1106,0.003743
"peptides1","IAAANVPAFVSGK",622.853512,2,"IAAANVPAFVSGK2",1.773737708,0.047474652,622.8516434,622.8553806,0,624.357651,2,"precursor [M+3]","precursor",3,4,0.0295,0.003746
"peptides1","IAELAGFTVPATTK",709.898117,2,"IAELAGFTVPATTK2",2.076603913,0.05231101,709.8959873,709.9002467,0,709.898117,2,"precursor","precursor",0,1,0.4373,0.004259
"peptides1","IAELAGFTVPATTK",709.898117,2,"IAELAGFTVPATTK2",2.076603913,0.05231101,709.8959873,709.9002467,0,710.399607,2,"precursor [M+1]","precursor",1,2,0.3216,0.004262
"peptides1","IAELAGFTVPATTK",709.898117,2,"IAELAGFTVPATTK2",2.076603913,0.05231101,709.8959873,709.9002467,0,710.900993,2,"precursor [M+2]","precursor",2,3,0.1348,0.004265
"peptides1","IAELAGFTVPATTK",709.898117,2,"IAELAGFTVPATTK2",2.076603913,0.05231101,709.8959873,709.9002467,0,711.402332,2,"precursor [M+3]","precursor",3,4,0.0394,0.004268
"peptides1","IAELAGFTVPATTK",709.898117,2,"IAELAGFTVPATTK2",2.076603913,0.05231101,709.8959873,709.9002467,0,711.903639,2,"precursor [M+4]","precursor",4,5,0.0111,0.004271
"peptides1","IATDPFVGNLTFFR",799.42229,2,"IATDPFVGNLTFFR2",2.710878986,0.015703669,799.4198917,799.4246883,0,799.42229,2,"precursor","precursor",0,1,0.3834,0.004797
"peptides1","IATDPFVGNLTFFR",799.42229,2,"IATDPFVGNLTFFR2",2.710878986,0.015703669,799.4198917,799.4246883,0,799.923771,2,"precursor [M+1]","precursor",1,2,0.3284,0.0048
"peptides1","IATDPFVGNLTFFR",799.42229,2,"IATDPFVGNLTFFR2",2.710878986,0.015703669,799.4198917,799.4246883,0,800.425174,2,"precursor [M+2]","precursor",2,3,0.155,0.004803
"peptides1","IATDPFVGNLTFFR",799.42229,2,"IATDPFVGNLTFFR2",2.710878986,0.015703669,799.4198917,799.4246883,0,800.926531,2,"precursor [M+3]","precursor",3,4,0.0612,0.004806
"peptides1","IATDPFVGNLTFFR",799.42229,2,"IATDPFVGNLTFFR2",2.710878986,0.015703669,799.4198917,799.4246883,0,801.427858,2,"precursor [M+4]","precursor",4,5,0.0159,0.004809
"peptides1","IDEELALK",465.760757,2,"IDEELALK2",1.504907619,0.022941159,465.7593597,465.7621543,0,465.760757,2,"precursor","precursor",0,1,0.5908,0.002795
"peptides1","IDEELALK",465.760757,2,"IDEELALK2",1.504907619,0.022941159,465.7593597,465.7621543,0,466.26226,2,"precursor [M+1]","precursor",1,2,0.2688,0.002798
"peptides1","IDEELALK",465.760757,2,"IDEELALK2",1.504907619,0.022941159,465.7593597,465.7621543,0,466.763581,2,"precursor [M+2]","precursor",2,3,0.0781,0.002801
"peptides1","IDEELALK",465.760757,2,"IDEELALK2",1.504907619,0.022941159,465.7593597,465.7621543,0,467.264866,2,"precursor [M+3]","precursor",3,4,0.0171,0.002804
"peptides1","IDIHRPAQTAR",426.573948,3,"IDIHRPAQTAR3",1.103583478,0.009743381,426.5726683,426.5752277,0,426.573948,3,"precursor","precursor",0,1,0.4898,0.002559
"peptides1","IDIHRPAQTAR",426.573948,3,"IDIHRPAQTAR3",1.103583478,0.009743381,426.5726683,426.5752277,0,426.908196,3,"precursor [M+1]","precursor",1,2,0.2994,0.002561
"peptides1","IDIHRPAQTAR",426.573948,3,"IDIHRPAQTAR3",1.103583478,0.009743381,426.5726683,426.5752277,0,427.242388,3,"precursor [M+2]","precursor",2,3,0.1025,0.002563
"peptides1","IDIHRPAQTAR",426.573948,3,"IDIHRPAQTAR3",1.103583478,0.009743381,426.5726683,426.5752277,0,427.576555,3,"precursor [M+3]","precursor",3,4,0.0266,0.002565
"peptides1","IFTEDGVSIPVTVIEVEANRVTQVK",915.167396,3,"IFTEDGVSIPVTVIEVEANRVTQVK3",2.741080213,0.014091439,915.1646505,915.1701415,0,915.167396,3,"precursor","precursor",0,3,0.2082,0.005491
"peptides1","IFTEDGVSIPVTVIEVEANRVTQVK",915.167396,3,"IFTEDGVSIPVTVIEVEANRVTQVK3",2.741080213,0.014091439,915.1646505,915.1701415,0,915.50171,3,"precursor [M+1]","precursor",1,1,0.3114,0.005493
"peptides1","IFTEDGVSIPVTVIEVEANRVTQVK",915.167396,3,"IFTEDGVSIPVTVIEVEANRVTQVK3",2.741080213,0.014091439,915.1646505,915.1701415,0,915.835984,3,"precursor [M+2]","precursor",2,2,0.247,0.005495
"peptides1","IFTEDGVSIPVTVIEVEANRVTQVK",915.167396,3,"IFTEDGVSIPVTVIEVEANRVTQVK3",2.741080213,0.014091439,915.1646505,915.1701415,0,916.170233,3,"precursor [M+3]","precursor",3,4,0.1373,0.005497
"peptides1","IFTEDGVSIPVTVIEVEANRVTQVK",915.167396,3,"IFTEDGVSIPVTVIEVEANRVTQVK3",2.741080213,0.014091439,915.1646505,915.1701415,0,916.504464,3,"precursor [M+4]","precursor",4,5,0.0598,0.005499
"peptides1","IFVDEGPSMKR",426.888545,3,"IFVDEGPSMKR3",1.396796901,0.058431505,426.8872643,426.8898257,0,426.888545,3,"precursor","precursor",0,1,0.4628,0.002561
"peptides1","IFVDEGPSMKR",426.888545,3,"IFVDEGPSMKR3",1.396796901,0.058431505,426.8872643,426.8898257,0,427.222836,3,"precursor [M+1]","precursor",1,2,0.2967,0.002563
"peptides1","IFVDEGPSMKR",426.888545,3,"IFVDEGPSMKR3",1.396796901,0.058431505,426.8872643,426.8898257,0,427.556607,3,"precursor [M+2]","precursor",2,3,0.122,0.002565
"peptides1","IFVDEGPSMKR",426.888545,3,"IFVDEGPSMKR3",1.396796901,0.058431505,426.8872643,426.8898257,0,427.890373,3,"precursor [M+3]","precursor",3,4,0.0158,0.002567
"peptides1","IGFFNPVATGGEVR",732.385708,2,"IGFFNPVATGGEVR2",2.219643913,0.052368053,732.3835108,732.3879052,0,732.385708,2,"precursor","precursor",0,1,0.4245,0.004394
"peptides1","IGFFNPVATGGEVR",732.385708,2,"IGFFNPVATGGEVR2",2.219643913,0.052368053,732.3835108,732.3879052,0,732.887161,2,"precursor [M+1]","precursor",1,2,0.321,0.004397
"peptides1","IGFFNPVATGGEVR",732.385708,2,"IGFFNPVATGGEVR2",2.219643913,0.052368053,732.3835108,732.3879052,0,733.388529,2,"precursor [M+2]","precursor",2,3,0.1366,0.0044
"peptides1","IGFFNPVATGGEVR",732.385708,2,"IGFFNPVATGGEVR2",2.219643913,0.052368053,732.3835108,732.3879052,0,733.889852,2,"precursor [M+3]","precursor",3,4,0.0403,0.004403
"peptides1","IGFFNPVATGGEVR",732.385708,2,"IGFFNPVATGGEVR2",2.219643913,0.052368053,732.3835108,732.3879052,0,734.391146,2,"precursor [M+4]","precursor",4,5,0.0117,0.004406
"peptides1","IGHTVEREDTPAVR",527.277749,3,"IGHTVEREDTPAVR3",1.093426098,0.065413342,527.2761672,527.2793308,0,527.277749,3,"precursor","precursor",0,1,0.4184,0.003164
"peptides1","IGHTVEREDTPAVR",527.277749,3,"IGHTVEREDTPAVR3",1.093426098,0.065413342,527.2761672,527.2793308,0,527.612017,3,"precursor [M+1]","precursor",1,2,0.3129,0.003166
"peptides1","IGHTVEREDTPAVR",527.277749,3,"IGHTVEREDTPAVR3",1.093426098,0.065413342,527.2761672,527.2793308,0,527.946227,3,"precursor [M+2]","precursor",2,3,0.1356,0.003168
"peptides1","IGHTVEREDTPAVR",527.277749,3,"IGHTVEREDTPAVR3",1.093426098,0.065413342,527.2761672,527.2793308,0,528.28041,3,"precursor [M+3]","precursor",3,4,0.0501,0.00317
"peptides1","IGHTVEREDTPAVR",527.277749,3,"IGHTVEREDTPAVR3",1.093426098,0.065413342,527.2761672,527.2793308,0,528.614577,3,"precursor [M+4]","precursor",4,5,0.0127,0.003172
"peptides1","IGVDGSGTR",431.224873,2,"IGVDGSGTR2",1.05119,0.007932125,431.2235793,431.2261667,0,431.224873,2,"precursor","precursor",0,1,0.6331,0.002587
"peptides1","IGVDGSGTR",431.224873,2,"IGVDGSGTR2",1.05119,0.007932125,431.2235793,431.2261667,0,431.726262,2,"precursor [M+1]","precursor",1,2,0.2393,0.00259
"peptides1","IGVDGSGTR",431.224873,2,"IGVDGSGTR2",1.05119,0.007932125,431.2235793,431.2261667,0,432.227487,2,"precursor [M+2]","precursor",2,3,0.0623,0.002593
"peptides1","IGVDGSGTR",431.224873,2,"IGVDGSGTR2",1.05119,0.007932125,431.2235793,431.2261667,0,432.728701,2,"precursor [M+3]","precursor",3,4,0.0123,0.002596
"peptides1","IINEPTAAALAYGLDKEVGNR",739.062092,3,"IINEPTAAALAYGLDKEVGNR3",2.339301667,0.044397656,739.0598748,739.0643092,0,739.062092,3,"precursor","precursor",0,2,0.2847,0.004434
"peptides1","IINEPTAAALAYGLDKEVGNR",739.062092,3,"IINEPTAAALAYGLDKEVGNR3",2.339301667,0.044397656,739.0598748,739.0643092,0,739.39639,3,"precursor [M+1]","precursor",1,1,0.3409,0.004436
"peptides1","IINEPTAAALAYGLDKEVGNR",739.062092,3,"IINEPTAAALAYGLDKEVGNR3",2.339301667,0.044397656,739.0598748,739.0643092,0,739.730644,3,"precursor [M+2]","precursor",2,3,0.2196,0.004438
"peptides1","IINEPTAAALAYGLDKEVGNR",739.062092,3,"IINEPTAAALAYGLDKEVGNR3",2.339301667,0.044397656,739.0598748,739.0643092,0,740.064871,3,"precursor [M+3]","precursor",3,4,0.0982,0.00444
"peptides1","IINEPTAAALAYGLDKEVGNR",739.062092,3,"IINEPTAAALAYGLDKEVGNR3",2.339301667,0.044397656,739.0598748,739.0643092,0,740.399078,3,"precursor [M+4]","precursor",4,5,0.036,0.004442
"peptides1","IINEPTAAALAYGLDKGTGNR",715.714803,3,"IINEPTAAALAYGLDKGTGNR3",2.029692917,0.031873089,715.7126559,715.7169501,0,715.714803,3,"precursor","precursor",0,2,0.2983,0.004294
"peptides1","IINEPTAAALAYGLDKGTGNR",715.714803,3,"IINEPTAAALAYGLDKGTGNR3",2.029692917,0.031873089,715.7126559,715.7169501,0,716.049095,3,"precursor [M+1]","precursor",1,1,0.3438,0.004296
"peptides1","IINEPTAAALAYGLDKGTGNR",715.714803,3,"IINEPTAAALAYGLDKGTGNR3",2.029692917,0.031873089,715.7126559,715.7169501,0,716.383341,3,"precursor [M+2]","precursor",2,3,0.2138,0.004298
"peptides1","IINEPTAAALAYGLDKGTGNR",715.714803,3,"IINEPTAAALAYGLDKGTGNR3",2.029692917,0.031873089,715.7126559,715.7169501,0,716.717561,3,"precursor [M+3]","precursor",3,4,0.0924,0.0043
"peptides1","IINEPTAAALAYGLDKGTGNR",715.714803,3,"IINEPTAAALAYGLDKGTGNR3",2.029692917,0.031873089,715.7126559,715.7169501,0,717.051761,3,"precursor [M+4]","precursor",4,5,0.0328,0.004302
"peptides1","IINEPTAAALAYGLDREVGNR",748.397474,3,"IINEPTAAALAYGLDREVGNR3",2.332117083,0.046174971,748.3952288,748.3997192,0,748.397474,3,"precursor","precursor",0,2,0.2826,0.00449
"peptides1","IINEPTAAALAYGLDREVGNR",748.397474,3,"IINEPTAAALAYGLDREVGNR3",2.332117083,0.046174971,748.3952288,748.3997192,0,748.731761,3,"precursor [M+1]","precursor",1,1,0.3405,0.004492
"peptides1","IINEPTAAALAYGLDREVGNR",748.397474,3,"IINEPTAAALAYGLDREVGNR3",2.332117083,0.046174971,748.3952288,748.3997192,0,749.066005,3,"precursor [M+2]","precursor",2,3,0.2203,0.004494
"peptides1","IINEPTAAALAYGLDREVGNR",748.397474,3,"IINEPTAAALAYGLDREVGNR3",2.332117083,0.046174971,748.3952288,748.3997192,0,749.400223,3,"precursor [M+3]","precursor",3,4,0.0988,0.004496
"peptides1","IINEPTAAALAYGLDREVGNR",748.397474,3,"IINEPTAAALAYGLDREVGNR3",2.332117083,0.046174971,748.3952288,748.3997192,0,749.734424,3,"precursor [M+4]","precursor",4,5,0.0363,0.004498
"peptides1","IISGDIKVPSK",386.236051,3,"IISGDIKVPSK3",1.398244762,0.094700118,386.2348923,386.2372097,0,386.236051,3,"precursor","precursor",0,1,0.5135,0.002317
"peptides1","IISGDIKVPSK",386.236051,3,"IISGDIKVPSK3",1.398244762,0.094700118,386.2348923,386.2372097,0,386.570368,3,"precursor [M+1]","precursor",1,2,0.3027,0.002319
"peptides1","IISGDIKVPSK",386.236051,3,"IISGDIKVPSK3",1.398244762,0.094700118,386.2348923,386.2372097,0,386.904605,3,"precursor [M+2]","precursor",2,3,0.1007,0.002321
"peptides1","IISGDIKVPSK",386.236051,3,"IISGDIKVPSK3",1.398244762,0.094700118,386.2348923,386.2372097,0,387.238811,3,"precursor [M+3]","precursor",3,4,0.0255,0.002323
"peptides1","ILENGTVQPLDVK",713.401024,2,"ILENGTVQPLDVK2",1.663924783,0.045607907,713.3988838,713.4031642,0,713.401024,2,"precursor","precursor",0,1,0.4442,0.00428
"peptides1","ILENGTVQPLDVK",713.401024,2,"ILENGTVQPLDVK2",1.663924783,0.045607907,713.3988838,713.4031642,0,713.902495,2,"precursor [M+1]","precursor",1,2,0.3171,0.004283
"peptides1","ILENGTVQPLDVK",713.401024,2,"ILENGTVQPLDVK2",1.663924783,0.045607907,713.3988838,713.4031642,0,714.403858,2,"precursor [M+2]","precursor",2,3,0.131,0.004286
"peptides1","ILENGTVQPLDVK",713.401024,2,"ILENGTVQPLDVK2",1.663924783,0.045607907,713.3988838,713.4031642,0,714.905176,2,"precursor [M+3]","precursor",3,4,0.0379,0.004289
"peptides1","ILENGTVQPLDVK",713.401024,2,"ILENGTVQPLDVK2",1.663924783,0.045607907,713.3988838,713.4031642,0,715.406465,2,"precursor [M+4]","precursor",4,5,0.0107,0.004292
"peptides1","INHTVEVQDTPENR",551.272663,3,"INHTVEVQDTPENR3",1.148822609,0.009821509,551.2710092,551.2743168,0,551.272663,3,"precursor","precursor",0,1,0.4064,0.003308
"peptides1","INHTVEVQDTPENR",551.272663,3,"INHTVEVQDTPENR3",1.148822609,0.009821509,551.2710092,551.2743168,0,551.606937,3,"precursor [M+1]","precursor",1,2,0.3133,0.00331
"peptides1","INHTVEVQDTPENR",551.272663,3,"INHTVEVQDTPENR3",1.148822609,0.009821509,551.2710092,551.2743168,0,551.941148,3,"precursor [M+2]","precursor",2,3,0.1413,0.003312
"peptides1","INHTVEVQDTPENR",551.272663,3,"INHTVEVQDTPENR3",1.148822609,0.009821509,551.2710092,551.2743168,0,552.275332,3,"precursor [M+3]","precursor",3,4,0.0542,0.003314
"peptides1","INHTVEVQDTPENR",551.272663,3,"INHTVEVQDTPENR3",1.148822609,0.009821509,551.2710092,551.2743168,0,552.609498,3,"precursor [M+4]","precursor",4,5,0.0143,0.003316
"peptides1","ISDDVIR",409.224342,2,"ISDDVIR2",1.283510909,0.010206558,409.2231143,409.2255697,0,409.224342,2,"precursor","precursor",0,1,0.6393,0.002455
"peptides1","ISDDVIR",409.224342,2,"ISDDVIR2",1.283510909,0.010206558,409.2231143,409.2255697,0,409.72578,2,"precursor [M+1]","precursor",1,2,0.2414,0.002458
"peptides1","ISDDVIR",409.224342,2,"ISDDVIR2",1.283510909,0.010206558,409.2231143,409.2255697,0,410.227036,2,"precursor [M+2]","precursor",2,3,0.0615,0.002461
"peptides1","ISDDVIR",409.224342,2,"ISDDVIR2",1.283510909,0.010206558,409.2231143,409.2255697,0,410.728275,2,"precursor [M+3]","precursor",3,4,0.0119,0.002464
"peptides1","IVGLQTEAPLKR",442.269754,3,"IVGLQTEAPLKR3",1.464194444,0.048000198,442.2684272,442.2710808,0,442.269754,3,"precursor","precursor",0,1,0.4669,0.002654
"peptides1","IVGLQTEAPLKR",442.269754,3,"IVGLQTEAPLKR3",1.464194444,0.048000198,442.2684272,442.2710808,0,442.604049,3,"precursor [M+1]","precursor",1,2,0.312,0.002656
"peptides1","IVGLQTEAPLKR",442.269754,3,"IVGLQTEAPLKR3",1.464194444,0.048000198,442.2684272,442.2710808,0,442.938281,3,"precursor [M+2]","precursor",2,3,0.1146,0.002658
"peptides1","IVGLQTEAPLKR",442.269754,3,"IVGLQTEAPLKR3",1.464194444,0.048000198,442.2684272,442.2710808,0,443.272484,3,"precursor [M+3]","precursor",3,4,0.0317,0.00266
"peptides1","KADEALGAAQKAQQTADEANER",772.378919,3,"KADEALGAAQKAQQTADEANER3",1.34365087,0.017898532,772.3766019,772.3812361,0,772.378919,3,"precursor","precursor",0,2,0.289,0.004634
"peptides1","KADEALGAAQKAQQTADEANER",772.378919,3,"KADEALGAAQKAQQTADEANER3",1.34365087,0.017898532,772.3766019,772.3812361,0,772.713188,3,"precursor [M+1]","precursor",1,1,0.3381,0.004636
"peptides1","KADEALGAAQKAQQTADEANER",772.378919,3,"KADEALGAAQKAQQTADEANER3",1.34365087,0.017898532,772.3766019,772.3812361,0,773.047408,3,"precursor [M+2]","precursor",2,3,0.2167,0.004638
"peptides1","KADEALGAAQKAQQTADEANER",772.378919,3,"KADEALGAAQKAQQTADEANER3",1.34365087,0.017898532,772.3766019,772.3812361,0,773.381603,3,"precursor [M+3]","precursor",3,4,0.0994,0.00464
"peptides1","KADEALGAAQKAQQTADEANER",772.378919,3,"KADEALGAAQKAQQTADEANER3",1.34365087,0.017898532,772.3766019,772.3812361,0,773.715781,3,"precursor [M+4]","precursor",4,5,0.0362,0.004642
"peptides1","KRPFYQVVVADSR",782.933356,2,"KRPFYQVVVADSR2",1.5389595,0.034509924,782.9310072,782.9357048,0,782.933356,2,"precursor","precursor",0,1,0.4013,0.004698
"peptides1","KRPFYQVVVADSR",782.933356,2,"KRPFYQVVVADSR2",1.5389595,0.034509924,782.9310072,782.9357048,0,783.434787,2,"precursor [M+1]","precursor",1,2,0.3217,0.004701
"peptides1","KRPFYQVVVADSR",782.933356,2,"KRPFYQVVVADSR2",1.5389595,0.034509924,782.9310072,782.9357048,0,783.936146,2,"precursor [M+2]","precursor",2,3,0.1433,0.004704
"peptides1","KRPFYQVVVADSR",782.933356,2,"KRPFYQVVVADSR2",1.5389595,0.034509924,782.9310072,782.9357048,0,784.437464,2,"precursor [M+3]","precursor",3,4,0.0533,0.004707
"peptides1","KRPFYQVVVADSR",782.933356,2,"KRPFYQVVVADSR2",1.5389595,0.034509924,782.9310072,782.9357048,0,784.938754,2,"precursor [M+4]","precursor",4,5,0.0136,0.00471
"peptides1","KVVLTGPSKDNTPMFVR",630.348627,3,"KVVLTGPSKDNTPMFVR3",1.574140833,0.101178783,630.346736,630.350518,0,630.348627,3,"precursor","precursor",0,1,0.3233,0.003782
"peptides1","KVVLTGPSKDNTPMFVR",630.348627,3,"KVVLTGPSKDNTPMFVR3",1.574140833,0.101178783,630.346736,630.350518,0,630.68292,3,"precursor [M+1]","precursor",1,2,0.3097,0.003784
"peptides1","KVVLTGPSKDNTPMFVR",630.348627,3,"KVVLTGPSKDNTPMFVR3",1.574140833,0.101178783,630.346736,630.350518,0,631.016938,3,"precursor [M+2]","precursor",2,3,0.1885,0.003786
"peptides1","KVVLTGPSKDNTPMFVR",630.348627,3,"KVVLTGPSKDNTPMFVR3",1.574140833,0.101178783,630.346736,630.350518,0,631.350866,3,"precursor [M+3]","precursor",3,4,0.0719,0.003788
"peptides1","KVVLTGPSKDNTPMFVR",630.348627,3,"KVVLTGPSKDNTPMFVR3",1.574140833,0.101178783,630.346736,630.350518,0,631.684774,3,"precursor [M+4]","precursor",4,5,0.0226,0.00379
"peptides1","KVYDYSKFEGEGGAVR",602.300331,3,"KVYDYSKFEGEGGAVR3",1.456101579,0.112498241,602.2985241,602.3021379,0,602.300331,3,"precursor","precursor",0,1,0.3534,0.003614
"peptides1","KVYDYSKFEGEGGAVR",602.300331,3,"KVYDYSKFEGEGGAVR3",1.456101579,0.112498241,602.2985241,602.3021379,0,602.634638,3,"precursor [M+1]","precursor",1,2,0.3234,0.003616
"peptides1","KVYDYSKFEGEGGAVR",602.300331,3,"KVYDYSKFEGEGGAVR3",1.456101579,0.112498241,602.2985241,602.3021379,0,602.968892,3,"precursor [M+2]","precursor",2,3,0.19,0.003618
"peptides1","KVYDYSKFEGEGGAVR",602.300331,3,"KVYDYSKFEGEGGAVR3",1.456101579,0.112498241,602.2985241,602.3021379,0,603.303116,3,"precursor [M+3]","precursor",3,4,0.072,0.00362
"peptides1","KVYDYSKFEGEGGAVR",602.300331,3,"KVYDYSKFEGEGGAVR3",1.456101579,0.112498241,602.2985241,602.3021379,0,603.63732,3,"precursor [M+4]","precursor",4,5,0.0212,0.003622
"peptides1","LANELSDAAENKGAAVK",567.631969,3,"LANELSDAAENKGAAVK3",1.334754286,0.066738908,567.6302661,567.6336719,0,567.631969,3,"precursor","precursor",0,1,0.3932,0.003406
"peptides1","LANELSDAAENKGAAVK",567.631969,3,"LANELSDAAENKGAAVK3",1.334754286,0.066738908,567.6302661,567.6336719,0,567.966259,3,"precursor [M+1]","precursor",1,2,0.3169,0.003408
"peptides1","LANELSDAAENKGAAVK",567.631969,3,"LANELSDAAENKGAAVK3",1.334754286,0.066738908,567.6302661,567.6336719,0,568.300485,3,"precursor [M+2]","precursor",2,3,0.1482,0.00341
"peptides1","LANELSDAAENKGAAVK",567.631969,3,"LANELSDAAENKGAAVK3",1.334754286,0.066738908,567.6302661,567.6336719,0,568.634682,3,"precursor [M+3]","precursor",3,4,0.0601,0.003412
"peptides1","LANELSDAAENKGAAVK",567.631969,3,"LANELSDAAENKGAAVK3",1.334754286,0.066738908,567.6302661,567.6336719,0,568.96886,3,"precursor [M+4]","precursor",4,5,0.0159,0.003414
"peptides1","LANELSDAAENKGTAVK",577.63549,3,"LANELSDAAENKGTAVK3",1.338716458,0.063367752,577.6337571,577.6372229,0,577.63549,3,"precursor","precursor",0,1,0.3879,0.003466
"peptides1","LANELSDAAENKGTAVK",577.63549,3,"LANELSDAAENKGTAVK3",1.338716458,0.063367752,577.6337571,577.6372229,0,577.969783,3,"precursor [M+1]","precursor",1,2,0.3171,0.003468
"peptides1","LANELSDAAENKGTAVK",577.63549,3,"LANELSDAAENKGTAVK3",1.338716458,0.063367752,577.6337571,577.6372229,0,578.30401,3,"precursor [M+2]","precursor",2,3,0.1746,0.00347
"peptides1","LANELSDAAENKGTAVK",577.63549,3,"LANELSDAAENKGTAVK3",1.338716458,0.063367752,577.6337571,577.6372229,0,578.638208,3,"precursor [M+3]","precursor",3,4,0.0619,0.003472
"peptides1","LANELSDAAENKGTAVK",577.63549,3,"LANELSDAAENKGTAVK3",1.338716458,0.063367752,577.6337571,577.6372229,0,578.972388,3,"precursor [M+4]","precursor",4,5,0.0166,0.003474
"peptides1","LDNQAHSYRK",411.210787,3,"LDNQAHSYRK3",0.893262957,0.140400012,411.2095534,411.2120206,0,411.210787,3,"precursor","precursor",0,1,0.5038,0.002467
"peptides1","LDNQAHSYRK",411.210787,3,"LDNQAHSYRK3",0.893262957,0.140400012,411.2095534,411.2120206,0,411.545046,3,"precursor [M+1]","precursor",1,2,0.2963,0.002469
"peptides1","LDNQAHSYRK",411.210787,3,"LDNQAHSYRK3",0.893262957,0.140400012,411.2095534,411.2120206,0,411.87924,3,"precursor [M+2]","precursor",2,3,0.1,0.002471
"peptides1","LDNQAHSYRK",411.210787,3,"LDNQAHSYRK3",0.893262957,0.140400012,411.2095534,411.2120206,0,412.213409,3,"precursor [M+3]","precursor",3,4,0.0257,0.002473
"peptides1","LEQAPGQHGAR",388.535382,3,"LEQAPGQHGAR3",0.914908152,0.060318469,388.5342164,388.5365476,0,388.535382,3,"precursor","precursor",0,1,0.5278,0.002331
"peptides1","LEQAPGQHGAR",388.535382,3,"LEQAPGQHGAR3",0.914908152,0.060318469,388.5342164,388.5365476,0,388.869626,3,"precursor [M+1]","precursor",1,2,0.2808,0.002333
"peptides1","LEQAPGQHGAR",388.535382,3,"LEQAPGQHGAR3",0.914908152,0.060318469,388.5342164,388.5365476,0,389.203805,3,"precursor [M+2]","precursor",2,3,0.0909,0.002335
"peptides1","LEQAPGQHGAR",388.535382,3,"LEQAPGQHGAR3",0.914908152,0.060318469,388.5342164,388.5365476,0,389.53796,3,"precursor [M+3]","precursor",3,4,0.022,0.002337
"peptides1","LGEFAATR",432.732334,2,"LGEFAATR2",1.326726818,0.015500191,432.7310358,432.7336322,0,432.732334,2,"precursor","precursor",0,1,0.6112,0.002596
"peptides1","LGEFAATR",432.732334,2,"LGEFAATR2",1.326726818,0.015500191,432.7310358,432.7336322,0,433.233772,2,"precursor [M+1]","precursor",1,2,0.2573,0.002599
"peptides1","LGEFAATR",432.732334,2,"LGEFAATR2",1.326726818,0.015500191,432.7310358,432.7336322,0,433.735065,2,"precursor [M+2]","precursor",2,3,0.068,0.002602
"peptides1","LGEFAATR",432.732334,2,"LGEFAATR2",1.326726818,0.015500191,432.7310358,432.7336322,0,434.236322,2,"precursor [M+3]","precursor",3,4,0.0135,0.002605
"peptides1","LGGELESK",416.724175,2,"LGGELESK2",1.145132,0.008802117,416.7229248,416.7254252,0,416.724175,2,"precursor","precursor",0,1,0.6331,0.0025
"peptides1","LGGELESK",416.724175,2,"LGGELESK2",1.145132,0.008802117,416.7229248,416.7254252,0,417.225645,2,"precursor [M+1]","precursor",1,2,0.2462,0.002503
"peptides1","LGGELESK",416.724175,2,"LGGELESK2",1.145132,0.008802117,416.7229248,416.7254252,0,417.726914,2,"precursor [M+2]","precursor",2,3,0.0649,0.002506
"peptides1","LGGELESK",416.724175,2,"LGGELESK2",1.145132,0.008802117,416.7229248,416.7254252,0,418.228166,2,"precursor [M+3]","precursor",3,4,0.0129,0.002509
"peptides1","LGKAPGIDA",421.242535,2,"LGKAPGIDA2",1.284691818,0.034651618,421.2412713,421.2437987,0,421.242535,2,"precursor","precursor",0,1,0.6199,0.002527
"peptides1","LGKAPGIDA",421.242535,2,"LGKAPGIDA2",1.284691818,0.034651618,421.2412713,421.2437987,0,421.743992,2,"precursor [M+1]","precursor",1,2,0.2542,0.00253
"peptides1","LGKAPGIDA",421.242535,2,"LGKAPGIDA2",1.284691818,0.034651618,421.2412713,421.2437987,0,422.245289,2,"precursor [M+2]","precursor",2,3,0.0662,0.002533
"peptides1","LGKAPGIDA",421.242535,2,"LGKAPGIDA2",1.284691818,0.034651618,421.2412713,421.2437987,0,422.746552,2,"precursor [M+3]","precursor",3,4,0.013,0.002536
"peptides1","LIASPTDKAAEQM",687.850309,2,"LIASPTDKAAEQM2",1.432208636,0.022546878,687.8482454,687.8523726,0,687.850309,2,"precursor","precursor",0,1,0.4479,0.004127
"peptides1","LIASPTDKAAEQM",687.850309,2,"LIASPTDKAAEQM2",1.432208636,0.022546878,687.8482454,687.8523726,0,688.351757,2,"precursor [M+1]","precursor",1,2,0.2982,0.00413
"peptides1","LIASPTDKAAEQM",687.850309,2,"LIASPTDKAAEQM2",1.432208636,0.022546878,687.8482454,687.8523726,0,688.852459,2,"precursor [M+2]","precursor",2,3,0.129,0.004133
"peptides1","LIASPTDKAAEQM",687.850309,2,"LIASPTDKAAEQM2",1.432208636,0.022546878,687.8482454,687.8523726,0,689.353164,2,"precursor [M+3]","precursor",3,4,0.0185,0.004136
"peptides1","LIDQATAEIVETAKR",829.459601,2,"LIDQATAEIVETAKR2",1.762613182,0.024746462,829.4571126,829.4620894,0,829.459601,2,"precursor","precursor",0,1,0.3964,0.004977
"peptides1","LIDQATAEIVETAKR",829.459601,2,"LIDQATAEIVETAKR2",1.762613182,0.024746462,829.4571126,829.4620894,0,829.961049,2,"precursor [M+1]","precursor",1,2,0.3193,0.00498
"peptides1","LIDQATAEIVETAKR",829.459601,2,"LIDQATAEIVETAKR2",1.762613182,0.024746462,829.4571126,829.4620894,0,830.462402,2,"precursor [M+2]","precursor",2,3,0.1477,0.004983
"peptides1","LIDQATAEIVETAKR",829.459601,2,"LIDQATAEIVETAKR2",1.762613182,0.024746462,829.4571126,829.4620894,0,830.963711,2,"precursor [M+3]","precursor",3,4,0.0587,0.004986
"peptides1","LIDQATAEIVETAKR",829.459601,2,"LIDQATAEIVETAKR2",1.762613182,0.024746462,829.4571126,829.4620894,0,831.464991,2,"precursor [M+4]","precursor",4,5,0.0152,0.004989
"peptides1","LIDQSTAEIVETAKR",837.457058,2,"LIDQSTAEIVETAKR2",1.589191702,0.069586145,837.4545456,837.4595704,0,837.457058,2,"precursor","precursor",0,1,0.3954,0.005025
"peptides1","LIDQSTAEIVETAKR",837.457058,2,"LIDQSTAEIVETAKR2",1.589191702,0.069586145,837.4545456,837.4595704,0,837.958506,2,"precursor [M+1]","precursor",1,2,0.3187,0.005028
"peptides1","LIDQSTAEIVETAKR",837.457058,2,"LIDQSTAEIVETAKR2",1.589191702,0.069586145,837.4545456,837.4595704,0,838.459857,2,"precursor [M+2]","precursor",2,3,0.1483,0.005031
"peptides1","LIDQSTAEIVETAKR",837.457058,2,"LIDQSTAEIVETAKR2",1.589191702,0.069586145,837.4545456,837.4595704,0,838.961163,2,"precursor [M+3]","precursor",3,4,0.0593,0.005034
"peptides1","LIDQSTAEIVETAKR",837.457058,2,"LIDQSTAEIVETAKR2",1.589191702,0.069586145,837.4545456,837.4595704,0,839.462441,2,"precursor [M+4]","precursor",4,5,0.0155,0.005037
"peptides1","LIPAGTGYAYHQDR",521.26344,3,"LIPAGTGYAYHQDR3",1.382343784,0.013552325,521.2618762,521.2650038,0,521.26344,3,"precursor","precursor",0,1,0.4058,0.003128
"peptides1","LIPAGTGYAYHQDR",521.26344,3,"LIPAGTGYAYHQDR3",1.382343784,0.013552325,521.2618762,521.2650038,0,521.597732,3,"precursor [M+1]","precursor",1,2,0.3206,0.00313
"peptides1","LIPAGTGYAYHQDR",521.26344,3,"LIPAGTGYAYHQDR3",1.382343784,0.013552325,521.2618762,521.2650038,0,521.931969,3,"precursor [M+2]","precursor",2,3,0.1428,0.003132
"peptides1","LIPAGTGYAYHQDR",521.26344,3,"LIPAGTGYAYHQDR3",1.382343784,0.013552325,521.2618762,521.2650038,0,522.266177,3,"precursor [M+3]","precursor",3,4,0.0531,0.003134
"peptides1","LIPAGTGYAYHQDR",521.26344,3,"LIPAGTGYAYHQDR3",1.382343784,0.013552325,521.2618762,521.2650038,0,522.600365,3,"precursor [M+4]","precursor",4,5,0.0136,0.003136
"peptides1","LKEGSIDLFN",568.303321,2,"LKEGSIDLFN2",2.030560455,0.03378745,568.3016161,568.3050259,0,568.303321,2,"precursor","precursor",0,1,0.5206,0.00341
"peptides1","LKEGSIDLFN",568.303321,2,"LKEGSIDLFN2",2.030560455,0.03378745,568.3016161,568.3050259,0,568.804806,2,"precursor [M+1]","precursor",1,2,0.3005,0.003413
"peptides1","LKEGSIDLFN",568.303321,2,"LKEGSIDLFN2",2.030560455,0.03378745,568.3016161,568.3050259,0,569.306157,2,"precursor [M+2]","precursor",2,3,0.1,0.003416
"peptides1","LKEGSIDLFN",568.303321,2,"LKEGSIDLFN2",2.030560455,0.03378745,568.3016161,568.3050259,0,569.807463,2,"precursor [M+3]","precursor",3,4,0.0254,0.003419
"peptides1","LKVYAGNEHNHAAQQPQVLDI",782.40474,3,"LKVYAGNEHNHAAQQPQVLDI3",1.627202609,0.037381341,782.4023928,782.4070872,0,782.40474,3,"precursor","precursor",0,2,0.2627,0.004694
"peptides1","LKVYAGNEHNHAAQQPQVLDI",782.40474,3,"LKVYAGNEHNHAAQQPQVLDI3",1.627202609,0.037381341,782.4023928,782.4070872,0,782.739025,3,"precursor [M+1]","precursor",1,1,0.3358,0.004696
"peptides1","LKVYAGNEHNHAAQQPQVLDI",782.40474,3,"LKVYAGNEHNHAAQQPQVLDI3",1.627202609,0.037381341,782.4023928,782.4070872,0,783.073271,3,"precursor [M+2]","precursor",2,3,0.2285,0.004698
"peptides1","LKVYAGNEHNHAAQQPQVLDI",782.40474,3,"LKVYAGNEHNHAAQQPQVLDI3",1.627202609,0.037381341,782.4023928,782.4070872,0,783.407493,3,"precursor [M+3]","precursor",3,4,0.1092,0.0047
"peptides1","LKVYAGNEHNHAAQQPQVLDI",782.40474,3,"LKVYAGNEHNHAAQQPQVLDI3",1.627202609,0.037381341,782.4023928,782.4070872,0,783.741698,3,"precursor [M+4]","precursor",4,5,0.041,0.004702
"peptides1","LLADPELLLMEG",657.354696,2,"LLADPELLLMEG2",2.856579565,0.008178812,657.3527239,657.3566681,0,657.354696,2,"precursor","precursor",0,1,0.4501,0.003944
"peptides1","LLADPELLLMEG",657.354696,2,"LLADPELLLMEG2",2.856579565,0.008178812,657.3527239,657.3566681,0,657.856192,2,"precursor [M+1]","precursor",1,2,0.3043,0.003947
"peptides1","LLADPELLLMEG",657.354696,2,"LLADPELLLMEG2",2.856579565,0.008178812,657.3527239,657.3566681,0,658.356918,2,"precursor [M+2]","precursor",2,3,0.1148,0.00395
"peptides1","LLADPELLLMEG",657.354696,2,"LLADPELLLMEG2",2.856579565,0.008178812,657.3527239,657.3566681,0,658.857628,2,"precursor [M+3]","precursor",3,4,0.0167,0.003953
"peptides1","LLDNAAADLAAISGQKPLITK",708.407199,3,"LLDNAAADLAAISGQKPLITK3",2.397205634,0.031685626,708.4050738,708.4093242,0,708.407199,3,"precursor","precursor",0,2,0.2976,0.00425
"peptides1","LLDNAAADLAAISGQKPLITK",708.407199,3,"LLDNAAADLAAISGQKPLITK3",2.397205634,0.031685626,708.4050738,708.4093242,0,708.741506,3,"precursor [M+1]","precursor",1,1,0.3443,0.004252
"peptides1","LLDNAAADLAAISGQKPLITK",708.407199,3,"LLDNAAADLAAISGQKPLITK3",2.397205634,0.031685626,708.4050738,708.4093242,0,709.075767,3,"precursor [M+2]","precursor",2,3,0.2144,0.004254
"peptides1","LLDNAAADLAAISGQKPLITK",708.407199,3,"LLDNAAADLAAISGQKPLITK3",2.397205634,0.031685626,708.4050738,708.4093242,0,709.409999,3,"precursor [M+3]","precursor",3,4,0.0928,0.004256
"peptides1","LLDNAAADLAAISGQKPLITK",708.407199,3,"LLDNAAADLAAISGQKPLITK3",2.397205634,0.031685626,708.4050738,708.4093242,0,709.744212,3,"precursor [M+4]","precursor",4,5,0.0311,0.004258
"peptides1","LSDYGVQLREK",654.351334,2,"LSDYGVQLREK2",1.406910597,0.070195851,654.3493709,654.3532971,0,654.351334,2,"precursor","precursor",0,1,0.4774,0.003926
"peptides1","LSDYGVQLREK",654.351334,2,"LSDYGVQLREK2",1.406910597,0.070195851,654.3493709,654.3532971,0,654.85278,2,"precursor [M+1]","precursor",1,2,0.3082,0.003929
"peptides1","LSDYGVQLREK",654.351334,2,"LSDYGVQLREK2",1.406910597,0.070195851,654.3493709,654.3532971,0,655.354117,2,"precursor [M+2]","precursor",2,3,0.1126,0.003932
"peptides1","LSDYGVQLREK",654.351334,2,"LSDYGVQLREK2",1.406910597,0.070195851,654.3493709,654.3532971,0,655.85541,2,"precursor [M+3]","precursor",3,4,0.0312,0.003935
"peptides1","LTGRPHGFYRK",444.582555,3,"LTGRPHGFYRK3",1.010282524,0.017596345,444.5812213,444.5838887,0,444.582555,3,"precursor","precursor",0,1,0.4559,0.002667
"peptides1","LTGRPHGFYRK",444.582555,3,"LTGRPHGFYRK3",1.010282524,0.017596345,444.5812213,444.5838887,0,444.916823,3,"precursor [M+1]","precursor",1,2,0.3134,0.00267
"peptides1","LTGRPHGFYRK",444.582555,3,"LTGRPHGFYRK3",1.010282524,0.017596345,444.5812213,444.5838887,0,445.251046,3,"precursor [M+2]","precursor",2,3,0.1154,0.002672
"peptides1","LTGRPHGFYRK",444.582555,3,"LTGRPHGFYRK3",1.010282524,0.017596345,444.5812213,444.5838887,0,445.585244,3,"precursor [M+3]","precursor",3,4,0.0314,0.002674
"peptides1","LTHIDFVRA",536.300915,2,"LTHIDFVRA2",1.590325909,0.07062489,536.2993061,536.3025239,0,536.300915,2,"precursor","precursor",0,1,0.5337,0.003218
"peptides1","LTHIDFVRA",536.300915,2,"LTHIDFVRA2",1.590325909,0.07062489,536.2993061,536.3025239,0,536.802355,2,"precursor [M+1]","precursor",1,2,0.2892,0.003221
"peptides1","LTHIDFVRA",536.300915,2,"LTHIDFVRA2",1.590325909,0.07062489,536.2993061,536.3025239,0,537.303692,2,"precursor [M+2]","precursor",2,3,0.0913,0.003224
"peptides1","LTHIDFVRA",536.300915,2,"LTHIDFVRA2",1.590325909,0.07062489,536.2993061,536.3025239,0,537.804988,2,"precursor [M+3]","precursor",3,4,0.0213,0.003227
"peptides1","LVDIVEPTEKTVDALMR",643.683564,3,"LVDIVEPTEKTVDALMR3",2.517909014,0.02502764,643.6816329,643.6854951,0,643.683564,3,"precursor","precursor",0,1,0.3224,0.003862
"peptides1","LVDIVEPTEKTVDALMR",643.683564,3,"LVDIVEPTEKTVDALMR3",2.517909014,0.02502764,643.6816329,643.6854951,0,644.017872,3,"precursor [M+1]","precursor",1,2,0.3095,0.003864
"peptides1","LVDIVEPTEKTVDALMR",643.683564,3,"LVDIVEPTEKTVDALMR3",2.517909014,0.02502764,643.6816329,643.6854951,0,644.351895,3,"precursor [M+2]","precursor",2,3,0.189,0.003866
"peptides1","LVDIVEPTEKTVDALMR",643.683564,3,"LVDIVEPTEKTVDALMR3",2.517909014,0.02502764,643.6816329,643.6854951,0,644.685837,3,"precursor [M+3]","precursor",3,4,0.0736,0.003868
"peptides1","LVDIVEPTEKTVDALMR",643.683564,3,"LVDIVEPTEKTVDALMR3",2.517909014,0.02502764,643.6816329,643.6854951,0,645.01976,3,"precursor [M+4]","precursor",4,5,0.0237,0.00387
"peptides1","LVPGYEAPVMLAYSAR",868.95564,2,"LVPGYEAPVMLAYSAR2",2.392505556,0.035156509,868.9530331,868.9582469,0,868.95564,2,"precursor","precursor",0,1,0.3452,0.005214
"peptides1","LVPGYEAPVMLAYSAR",868.95564,2,"LVPGYEAPVMLAYSAR2",2.392505556,0.035156509,868.9530331,868.9582469,0,869.457107,2,"precursor [M+1]","precursor",1,2,0.3145,0.005217
"peptides1","LVPGYEAPVMLAYSAR",868.95564,2,"LVPGYEAPVMLAYSAR2",2.392505556,0.035156509,868.9530331,868.9582469,0,869.958112,2,"precursor [M+2]","precursor",2,3,0.1788,0.00522
"peptides1","LVPGYEAPVMLAYSAR",868.95564,2,"LVPGYEAPVMLAYSAR2",2.392505556,0.035156509,868.9530331,868.9582469,0,870.458981,2,"precursor [M+3]","precursor",3,4,0.0633,0.005223
"peptides1","LVPGYEAPVMLAYSAR",868.95564,2,"LVPGYEAPVMLAYSAR2",2.392505556,0.035156509,868.9530331,868.9582469,0,870.959829,2,"precursor [M+4]","precursor",4,5,0.0192,0.005226
"peptides1","MAPPQISAEVLKK",471.270767,3,"MAPPQISAEVLKK3",1.630229792,0.026959488,471.2693532,471.2721808,0,471.270767,3,"precursor","precursor",0,1,0.425,0.002828
"peptides1","MAPPQISAEVLKK",471.270767,3,"MAPPQISAEVLKK3",1.630229792,0.026959488,471.2693532,471.2721808,0,471.605069,3,"precursor [M+1]","precursor",1,2,0.3065,0.00283
"peptides1","MAPPQISAEVLKK",471.270767,3,"MAPPQISAEVLKK3",1.630229792,0.026959488,471.2693532,471.2721808,0,471.938929,3,"precursor [M+2]","precursor",2,3,0.1376,0.002832
"peptides1","MAPPQISAEVLKK",471.270767,3,"MAPPQISAEVLKK3",1.630229792,0.026959488,471.2693532,471.2721808,0,472.27274,3,"precursor [M+3]","precursor",3,4,0.0412,0.002834
"peptides1","MAPPQVSAEVLKK",466.598883,3,"MAPPQVSAEVLKK3",1.492856522,0.022041859,466.5974832,466.6002828,0,466.598883,3,"precursor","precursor",0,1,0.4298,0.0028
"peptides1","MAPPQVSAEVLKK",466.598883,3,"MAPPQVSAEVLKK3",1.492856522,0.022041859,466.5974832,466.6002828,0,466.933183,3,"precursor [M+1]","precursor",1,2,0.3051,0.002802
"peptides1","MAPPQVSAEVLKK",466.598883,3,"MAPPQVSAEVLKK3",1.492856522,0.022041859,466.5974832,466.6002828,0,467.267032,3,"precursor [M+2]","precursor",2,3,0.1356,0.002804
"peptides1","MAPPQVSAEVLKK",466.598883,3,"MAPPQVSAEVLKK3",1.492856522,0.022041859,466.5974832,466.6002828,0,467.600836,3,"precursor [M+3]","precursor",3,4,0.0179,0.002806
"peptides1","METTQTSTIASKDSR",552.601681,3,"METTQTSTIASKDSR3",1.095476818,0.015244526,552.6000232,552.6033388,0,552.601681,3,"precursor","precursor",0,1,0.3998,0.003316
"peptides1","METTQTSTIASKDSR",552.601681,3,"METTQTSTIASKDSR3",1.095476818,0.015244526,552.6000232,552.6033388,0,552.935955,3,"precursor [M+1]","precursor",1,2,0.2988,0.003318
"peptides1","METTQTSTIASKDSR",552.601681,3,"METTQTSTIASKDSR3",1.095476818,0.015244526,552.6000232,552.6033388,0,553.269829,3,"precursor [M+2]","precursor",2,3,0.1499,0.00332
"peptides1","METTQTSTIASKDSR",552.601681,3,"METTQTSTIASKDSR3",1.095476818,0.015244526,552.6000232,552.6033388,0,553.603682,3,"precursor [M+3]","precursor",3,4,0.0519,0.003322
"peptides1","METTQTSTIASKDSR",552.601681,3,"METTQTSTIASKDSR3",1.095476818,0.015244526,552.6000232,552.6033388,0,553.937539,3,"precursor [M+4]","precursor",4,5,0.0102,0.003324
"peptides1","MNKSELIDAIAASADIPKAVAGR",586.069059,4,"MNKSELIDAIAASADIPKAVAGR4",2.479396667,0.023988987,586.0673008,586.0708172,0,586.069059,4,"precursor","precursor",0,2,0.2588,0.003516
"peptides1","MNKSELIDAIAASADIPKAVAGR",586.069059,4,"MNKSELIDAIAASADIPKAVAGR4",2.479396667,0.023988987,586.0673008,586.0708172,0,586.319773,4,"precursor [M+1]","precursor",1,1,0.3229,0.003518
"peptides1","MNKSELIDAIAASADIPKAVAGR",586.069059,4,"MNKSELIDAIAASADIPKAVAGR4",2.479396667,0.023988987,586.0673008,586.0708172,0,586.570334,4,"precursor [M+2]","precursor",2,3,0.2156,0.003519
"peptides1","MNKSELIDAIAASADIPKAVAGR",586.069059,4,"MNKSELIDAIAASADIPKAVAGR4",2.479396667,0.023988987,586.0673008,586.0708172,0,586.820832,4,"precursor [M+3]","precursor",3,4,0.1019,0.003521
"peptides1","MNKSELIDAIAASADIPKAVAGR",586.069059,4,"MNKSELIDAIAASADIPKAVAGR4",2.479396667,0.023988987,586.0673008,586.0708172,0,587.071306,4,"precursor [M+4]","precursor",4,5,0.0437,0.003522
"peptides1","MNLYDVIKKPVITEK",448.507574,4,"MNLYDVIKKPVITEK4",1.973736522,0.088931348,448.5062285,448.5089195,0,448.507574,4,"precursor","precursor",0,1,0.3362,0.002691
"peptides1","MNLYDVIKKPVITEK",448.507574,4,"MNLYDVIKKPVITEK4",1.973736522,0.088931348,448.5062285,448.5089195,0,448.758312,4,"precursor [M+1]","precursor",1,2,0.3145,0.002693
"peptides1","MNLYDVIKKPVITEK",448.507574,4,"MNLYDVIKKPVITEK4",1.973736522,0.088931348,448.5062285,448.5089195,0,449.008826,4,"precursor [M+2]","precursor",2,3,0.183,0.002694
"peptides1","MNLYDVIKKPVITEK",448.507574,4,"MNLYDVIKKPVITEK4",1.973736522,0.088931348,448.5062285,448.5089195,0,449.259272,4,"precursor [M+3]","precursor",3,4,0.0677,0.002696
"peptides1","MNLYDVIKKPVITEK",448.507574,4,"MNLYDVIKKPVITEK4",1.973736522,0.088931348,448.5062285,448.5089195,0,449.509704,4,"precursor [M+4]","precursor",4,5,0.0206,0.002697
"peptides1","MQGSVTEFLKPR",464.914983,3,"MQGSVTEFLKPR3",1.735919861,0.071822955,464.9135883,464.9163777,0,464.914983,3,"precursor","precursor",0,1,0.4334,0.002789
"peptides1","MQGSVTEFLKPR",464.914983,3,"MQGSVTEFLKPR3",1.735919861,0.071822955,464.9135883,464.9163777,0,465.249269,3,"precursor [M+1]","precursor",1,2,0.3024,0.002791
"peptides1","MQGSVTEFLKPR",464.914983,3,"MQGSVTEFLKPR3",1.735919861,0.071822955,464.9135883,464.9163777,0,465.583103,3,"precursor [M+2]","precursor",2,3,0.1342,0.002793
"peptides1","MQGSVTEFLKPR",464.914983,3,"MQGSVTEFLKPR3",1.735919861,0.071822955,464.9135883,464.9163777,0,465.916896,3,"precursor [M+3]","precursor",3,4,0.018,0.002796
"peptides1","MQPFAIAPSILSADFAR",917.979646,2,"MQPFAIAPSILSADFAR2",2.762596818,0.005792956,917.9768921,917.9823999,0,917.979646,2,"precursor","precursor",0,1,0.327,0.005508
"peptides1","MQPFAIAPSILSADFAR",917.979646,2,"MQPFAIAPSILSADFAR2",2.762596818,0.005792956,917.9768921,917.9823999,0,918.481103,2,"precursor [M+1]","precursor",1,2,0.3126,0.005511
"peptides1","MQPFAIAPSILSADFAR",917.979646,2,"MQPFAIAPSILSADFAR2",2.762596818,0.005792956,917.9768921,917.9823999,0,918.982138,2,"precursor [M+2]","precursor",2,3,0.187,0.005514
"peptides1","MQPFAIAPSILSADFAR",917.979646,2,"MQPFAIAPSILSADFAR2",2.762596818,0.005792956,917.9768921,917.9823999,0,919.483034,2,"precursor [M+3]","precursor",3,4,0.0707,0.005517
"peptides1","MQPFAIAPSILSADFAR",917.979646,2,"MQPFAIAPSILSADFAR2",2.762596818,0.005792956,917.9768921,917.9823999,0,919.983899,2,"precursor [M+4]","precursor",4,5,0.0219,0.00552
"peptides1","MRLNTLSPAEGSK",702.3692,2,"MRLNTLSPAEGSK2",1.357360638,0.05396088,702.3670929,702.3713071,0,702.3692,2,"precursor","precursor",0,1,0.4439,0.004214
"peptides1","MRLNTLSPAEGSK",702.3692,2,"MRLNTLSPAEGSK2",1.357360638,0.05396088,702.3670929,702.3713071,0,702.870605,2,"precursor [M+1]","precursor",1,2,0.2956,0.004217
"peptides1","MRLNTLSPAEGSK",702.3692,2,"MRLNTLSPAEGSK2",1.357360638,0.05396088,702.3670929,702.3713071,0,703.371302,2,"precursor [M+2]","precursor",2,3,0.1301,0.00422
"peptides1","MRLNTLSPAEGSK",702.3692,2,"MRLNTLSPAEGSK2",1.357360638,0.05396088,702.3670929,702.3713071,0,703.87198,2,"precursor [M+3]","precursor",3,4,0.0203,0.004223
"peptides1","MRLNTLSPAEGSK",468.581892,3,"MRLNTLSPAEGSK3",1.359268298,0.065401771,468.5804863,468.5832977,0,468.581892,3,"precursor","precursor",0,1,0.4439,0.002811
"peptides1","MRLNTLSPAEGSK",468.581892,3,"MRLNTLSPAEGSK3",1.359268298,0.065401771,468.5804863,468.5832977,0,468.916162,3,"precursor [M+1]","precursor",1,2,0.2956,0.002813
"peptides1","MRLNTLSPAEGSK",468.581892,3,"MRLNTLSPAEGSK3",1.359268298,0.065401771,468.5804863,468.5832977,0,469.24996,3,"precursor [M+2]","precursor",2,3,0.1301,0.002815
"peptides1","MRLNTLSPAEGSK",468.581892,3,"MRLNTLSPAEGSK3",1.359268298,0.065401771,468.5804863,468.5832977,0,469.583745,3,"precursor [M+3]","precursor",3,4,0.0203,0.002818
"peptides1","MVVTLIHPIAMDDGLR",594.319792,3,"MVVTLIHPIAMDDGLR3",2.319487292,0.045814748,594.318009,594.321575,0,594.319792,3,"precursor","precursor",0,1,0.3324,0.003566
"peptides1","MVVTLIHPIAMDDGLR",594.319792,3,"MVVTLIHPIAMDDGLR3",2.319487292,0.045814748,594.318009,594.321575,0,594.654077,3,"precursor [M+1]","precursor",1,2,0.2985,0.003568
"peptides1","MVVTLIHPIAMDDGLR",594.319792,3,"MVVTLIHPIAMDDGLR3",2.319487292,0.045814748,594.318009,594.321575,0,594.987839,3,"precursor [M+2]","precursor",2,3,0.1645,0.00357
"peptides1","MVVTLIHPIAMDDGLR",594.319792,3,"MVVTLIHPIAMDDGLR3",2.319487292,0.045814748,594.318009,594.321575,0,595.321554,3,"precursor [M+3]","precursor",3,4,0.0613,0.003572
"peptides1","MVVTLIHPIAMDDGLR",594.319792,3,"MVVTLIHPIAMDDGLR3",2.319487292,0.045814748,594.318009,594.321575,0,595.655245,3,"precursor [M+4]","precursor",4,5,0.0219,0.003574
"peptides1","MYAVFQSGGKQHR",754.874984,2,"MYAVFQSGGKQHR2",1.313650781,0.076845299,754.8727194,754.8772486,0,754.874984,2,"precursor","precursor",0,1,0.4044,0.004529
"peptides1","MYAVFQSGGKQHR",754.874984,2,"MYAVFQSGGKQHR2",1.313650781,0.076845299,754.8727194,754.8772486,0,755.376379,2,"precursor [M+1]","precursor",1,2,0.3043,0.004532
"peptides1","MYAVFQSGGKQHR",754.874984,2,"MYAVFQSGGKQHR2",1.313650781,0.076845299,754.8727194,754.8772486,0,755.877195,2,"precursor [M+2]","precursor",2,3,0.1467,0.004535
"peptides1","MYAVFQSGGKQHR",754.874984,2,"MYAVFQSGGKQHR2",1.313650781,0.076845299,754.8727194,754.8772486,0,756.37791,2,"precursor [M+3]","precursor",3,4,0.0471,0.004538
"peptides1","NANDGISLAQTAEGALQQSTNILQR",871.779083,3,"NANDGISLAQTAEGALQQSTNILQR3",2.704241,0.008303431,871.7764677,871.7816983,0,871.779083,3,"precursor","precursor",0,2,0.2418,0.005231
"peptides1","NANDGISLAQTAEGALQQSTNILQR",871.779083,3,"NANDGISLAQTAEGALQQSTNILQR3",2.704241,0.008303431,871.7764677,871.7816983,0,872.113355,3,"precursor [M+1]","precursor",1,1,0.3247,0.005233
"peptides1","NANDGISLAQTAEGALQQSTNILQR",871.779083,3,"NANDGISLAQTAEGALQQSTNILQR3",2.704241,0.008303431,871.7764677,871.7816983,0,872.447586,3,"precursor [M+2]","precursor",2,3,0.2348,0.005235
"peptides1","NANDGISLAQTAEGALQQSTNILQR",871.779083,3,"NANDGISLAQTAEGALQQSTNILQR3",2.704241,0.008303431,871.7764677,871.7816983,0,872.781793,3,"precursor [M+3]","precursor",3,4,0.1203,0.005237
"peptides1","NANDGISLAQTAEGALQQSTNILQR",871.779083,3,"NANDGISLAQTAEGALQQSTNILQR3",2.704241,0.008303431,871.7764677,871.7816983,0,873.115983,3,"precursor [M+4]","precursor",4,5,0.0486,0.005239
"peptides1","NFAAGSLVR",467.758883,2,"NFAAGSLVR2",1.522877895,0.019998904,467.7574797,467.7602863,0,467.758883,2,"precursor","precursor",0,1,0.5868,0.002807
"peptides1","NFAAGSLVR",467.758883,2,"NFAAGSLVR2",1.522877895,0.019998904,467.7574797,467.7602863,0,468.260297,2,"precursor [M+1]","precursor",1,2,0.2663,0.00281
"peptides1","NFAAGSLVR",467.758883,2,"NFAAGSLVR2",1.522877895,0.019998904,467.7574797,467.7602863,0,468.761592,2,"precursor [M+2]","precursor",2,3,0.0737,0.002813
"peptides1","NFAAGSLVR",467.758883,2,"NFAAGSLVR2",1.522877895,0.019998904,467.7574797,467.7602863,0,469.262849,2,"precursor [M+3]","precursor",3,4,0.0153,0.002816
"peptides1","NFDVLDEELGLAQR",809.907201,2,"NFDVLDEELGLAQR2",2.542282273,0.021296173,809.9047713,809.9096307,0,809.907201,2,"precursor","precursor",0,1,0.4029,0.004859
"peptides1","NFDVLDEELGLAQR",809.907201,2,"NFDVLDEELGLAQR2",2.542282273,0.021296173,809.9047713,809.9096307,0,810.408655,2,"precursor [M+1]","precursor",1,2,0.3194,0.004862
"peptides1","NFDVLDEELGLAQR",809.907201,2,"NFDVLDEELGLAQR2",2.542282273,0.021296173,809.9047713,809.9096307,0,810.91001,2,"precursor [M+2]","precursor",2,3,0.1459,0.004865
"peptides1","NFDVLDEELGLAQR",809.907201,2,"NFDVLDEELGLAQR2",2.542282273,0.021296173,809.9047713,809.9096307,0,811.411319,2,"precursor [M+3]","precursor",3,4,0.0571,0.004868
"peptides1","NFDVLDEELGLAQR",809.907201,2,"NFDVLDEELGLAQR2",2.542282273,0.021296173,809.9047713,809.9096307,0,811.9126,2,"precursor [M+4]","precursor",4,5,0.0147,0.004871
"peptides1","NFLLPQGK",458.766177,2,"NFLLPQGK2",1.675912083,0.031865402,458.7648007,458.7675533,0,458.766177,2,"precursor","precursor",0,1,0.5796,0.002753
"peptides1","NFLLPQGK",458.766177,2,"NFLLPQGK2",1.675912083,0.031865402,458.7648007,458.7675533,0,459.267643,2,"precursor [M+1]","precursor",1,2,0.2755,0.002756
"peptides1","NFLLPQGK",458.766177,2,"NFLLPQGK2",1.675912083,0.031865402,458.7648007,458.7675533,0,459.768989,2,"precursor [M+2]","precursor",2,3,0.0773,0.002759
"peptides1","NFLLPQGK",458.766177,2,"NFLLPQGK2",1.675912083,0.031865402,458.7648007,458.7675533,0,460.270287,2,"precursor [M+3]","precursor",3,4,0.0161,0.002762
"peptides1","NFLVPQGK",451.758352,2,"NFLVPQGK2",1.550587872,0.059620104,451.7569967,451.7597073,0,451.758352,2,"precursor","precursor",0,1,0.5861,0.002711
"peptides1","NFLVPQGK",451.758352,2,"NFLVPQGK2",1.550587872,0.059620104,451.7569967,451.7597073,0,452.259812,2,"precursor [M+1]","precursor",1,2,0.2722,0.002714
"peptides1","NFLVPQGK",451.758352,2,"NFLVPQGK2",1.550587872,0.059620104,451.7569967,451.7597073,0,452.76115,2,"precursor [M+2]","precursor",2,3,0.0752,0.002717
"peptides1","NFLVPQGK",451.758352,2,"NFLVPQGK2",1.550587872,0.059620104,451.7569967,451.7597073,0,453.262441,2,"precursor [M+3]","precursor",3,4,0.0154,0.00272
"peptides1","NIPVGSTVHNVEMKPGKGGQLAR",598.074675,4,"NIPVGSTVHNVEMKPGKGGQLAR4",1.357862836,0.063510932,598.0728808,598.0764692,0,598.074675,4,"precursor","precursor",0,2,0.2507,0.003588
"peptides1","NIPVGSTVHNVEMKPGKGGQLAR",598.074675,4,"NIPVGSTVHNVEMKPGKGGQLAR4",1.357862836,0.063510932,598.0728808,598.0764692,0,598.325375,4,"precursor [M+1]","precursor",1,1,0.3218,0.00359
"peptides1","NIPVGSTVHNVEMKPGKGGQLAR",598.074675,4,"NIPVGSTVHNVEMKPGKGGQLAR4",1.357862836,0.063510932,598.0728808,598.0764692,0,598.575933,4,"precursor [M+2]","precursor",2,3,0.2188,0.003591
"peptides1","NIPVGSTVHNVEMKPGKGGQLAR",598.074675,4,"NIPVGSTVHNVEMKPGKGGQLAR4",1.357862836,0.063510932,598.0728808,598.0764692,0,598.826427,4,"precursor [M+3]","precursor",3,4,0.1046,0.003593
"peptides1","NIPVGSTVHNVEMKPGKGGQLAR",598.074675,4,"NIPVGSTVHNVEMKPGKGGQLAR4",1.357862836,0.063510932,598.0728808,598.0764692,0,599.076896,4,"precursor [M+4]","precursor",4,5,0.045,0.003594
"peptides1","NLGIQTIVAATESGHTAR",613.662151,3,"NLGIQTIVAATESGHTAR3",2.122669524,0.055187538,613.66031,613.663992,0,613.662151,3,"precursor","precursor",0,1,0.3624,0.003682
"peptides1","NLGIQTIVAATESGHTAR",613.662151,3,"NLGIQTIVAATESGHTAR3",2.122669524,0.055187538,613.66031,613.663992,0,613.996424,3,"precursor [M+1]","precursor",1,2,0.3164,0.003684
"peptides1","NLGIQTIVAATESGHTAR",613.662151,3,"NLGIQTIVAATESGHTAR3",2.122669524,0.055187538,613.66031,613.663992,0,614.330646,3,"precursor [M+2]","precursor",2,3,0.1855,0.003686
"peptides1","NLGIQTIVAATESGHTAR",613.662151,3,"NLGIQTIVAATESGHTAR3",2.122669524,0.055187538,613.66031,613.663992,0,614.66484,3,"precursor [M+3]","precursor",3,4,0.0687,0.003688
"peptides1","NLGIQTIVAATESGHTAR",613.662151,3,"NLGIQTIVAATESGHTAR3",2.122669524,0.055187538,613.66031,613.663992,0,614.999017,3,"precursor [M+4]","precursor",4,5,0.019,0.00369
"peptides1","NLIHDNKAAR",384.547511,3,"NLIHDNKAAR3",0.923995261,0.010210707,384.5463574,384.5486646,0,384.547511,3,"precursor","precursor",0,1,0.5288,0.002307
"peptides1","NLIHDNKAAR",384.547511,3,"NLIHDNKAAR3",0.923995261,0.010210707,384.5463574,384.5486646,0,384.881756,3,"precursor [M+1]","precursor",1,2,0.2812,0.002309
"peptides1","NLIHDNKAAR",384.547511,3,"NLIHDNKAAR3",0.923995261,0.010210707,384.5463574,384.5486646,0,385.215938,3,"precursor [M+2]","precursor",2,3,0.0899,0.002311
"peptides1","NLIHDNKAAR",384.547511,3,"NLIHDNKAAR3",0.923995261,0.010210707,384.5463574,384.5486646,0,385.550096,3,"precursor [M+3]","precursor",3,4,0.0215,0.002313
"peptides1","NMGIEQQAAEVR",673.330075,2,"NMGIEQQAAEVR2",1.4244785,0.024416072,673.328055,673.332095,0,673.330075,2,"precursor","precursor",0,1,0.4643,0.00404
"peptides1","NMGIEQQAAEVR",673.330075,2,"NMGIEQQAAEVR2",1.4244785,0.024416072,673.328055,673.332095,0,673.831459,2,"precursor [M+1]","precursor",1,2,0.2882,0.004043
"peptides1","NMGIEQQAAEVR",673.330075,2,"NMGIEQQAAEVR2",1.4244785,0.024416072,673.328055,673.332095,0,674.332075,2,"precursor [M+2]","precursor",2,3,0.122,0.004046
"peptides1","NMGIEQQAAEVR",673.330075,2,"NMGIEQQAAEVR2",1.4244785,0.024416072,673.328055,673.332095,0,674.832721,2,"precursor [M+3]","precursor",3,4,0.0194,0.004049
"peptides1","NNPERVEMKK",415.552045,3,"NNPERVEMKK3",0.925812318,0.111102255,415.5507983,415.5532917,0,415.552045,3,"precursor","precursor",0,1,0.4853,0.002493
"peptides1","NNPERVEMKK",415.552045,3,"NNPERVEMKK3",0.925812318,0.111102255,415.5507983,415.5532917,0,415.8863,3,"precursor [M+1]","precursor",1,2,0.2844,0.002495
"peptides1","NNPERVEMKK",415.552045,3,"NNPERVEMKK3",0.925812318,0.111102255,415.5507983,415.5532917,0,416.219996,3,"precursor [M+2]","precursor",2,3,0.1127,0.002497
"peptides1","NNPERVEMKK",415.552045,3,"NNPERVEMKK3",0.925812318,0.111102255,415.5507983,415.5532917,0,416.553727,3,"precursor [M+3]","precursor",3,4,0.0166,0.002499
"peptides1","NSVDAMPDLPFK",667.32647,2,"NSVDAMPDLPFK2",2.165186316,0.038762497,667.324468,667.328472,0,667.32647,2,"precursor","precursor",0,1,0.4473,0.004004
"peptides1","NSVDAMPDLPFK",667.32647,2,"NSVDAMPDLPFK2",2.165186316,0.038762497,667.324468,667.328472,0,667.827933,2,"precursor [M+1]","precursor",1,2,0.3019,0.004007
"peptides1","NSVDAMPDLPFK",667.32647,2,"NSVDAMPDLPFK2",2.165186316,0.038762497,667.324468,667.328472,0,668.328652,2,"precursor [M+2]","precursor",2,3,0.1291,0.00401
"peptides1","NSVDAMPDLPFK",667.32647,2,"NSVDAMPDLPFK2",2.165186316,0.038762497,667.324468,667.328472,0,668.82935,2,"precursor [M+3]","precursor",3,4,0.0173,0.004013
"peptides1","NVLVESAR",444.250891,2,"NVLVESAR2",1.226440455,0.011427099,444.2495582,444.2522238,0,444.250891,2,"precursor","precursor",0,1,0.6137,0.002666
"peptides1","NVLVESAR",444.250891,2,"NVLVESAR2",1.226440455,0.011427099,444.2495582,444.2522238,0,444.752303,2,"precursor [M+1]","precursor",1,2,0.2519,0.002669
"peptides1","NVLVESAR",444.250891,2,"NVLVESAR2",1.226440455,0.011427099,444.2495582,444.2522238,0,445.253568,2,"precursor [M+2]","precursor",2,3,0.0669,0.002672
"peptides1","NVLVESAR",444.250891,2,"NVLVESAR2",1.226440455,0.011427099,444.2495582,444.2522238,0,445.754805,2,"precursor [M+3]","precursor",3,4,0.0134,0.002675
"peptides1","NVVLDKSFGAPTITK",795.448505,2,"NVVLDKSFGAPTITK2",1.689019701,0.049522789,795.4461187,795.4508913,0,795.448505,2,"precursor","precursor",0,1,0.3981,0.004773
"peptides1","NVVLDKSFGAPTITK",795.448505,2,"NVVLDKSFGAPTITK2",1.689019701,0.049522789,795.4461187,795.4508913,0,795.949978,2,"precursor [M+1]","precursor",1,2,0.3243,0.004776
"peptides1","NVVLDKSFGAPTITK",795.448505,2,"NVVLDKSFGAPTITK2",1.689019701,0.049522789,795.4461187,795.4508913,0,796.451362,2,"precursor [M+2]","precursor",2,3,0.1487,0.004779
"peptides1","NVVLDKSFGAPTITK",795.448505,2,"NVVLDKSFGAPTITK2",1.689019701,0.049522789,795.4461187,795.4508913,0,796.952699,2,"precursor [M+3]","precursor",3,4,0.0576,0.004782
"peptides1","NVVLDKSFGAPTITK",795.448505,2,"NVVLDKSFGAPTITK2",1.689019701,0.049522789,795.4461187,795.4508913,0,797.454005,2,"precursor [M+4]","precursor",4,5,0.0147,0.004785
"peptides1","NVVLDKSFGAPTITK",530.634762,3,"NVVLDKSFGAPTITK3",1.687489143,0.048160512,530.6331701,530.6363539,0,530.634762,3,"precursor","precursor",0,1,0.3981,0.003184
"peptides1","NVVLDKSFGAPTITK",530.634762,3,"NVVLDKSFGAPTITK3",1.687489143,0.048160512,530.6331701,530.6363539,0,530.969077,3,"precursor [M+1]","precursor",1,2,0.3243,0.003186
"peptides1","NVVLDKSFGAPTITK",530.634762,3,"NVVLDKSFGAPTITK3",1.687489143,0.048160512,530.6331701,530.6363539,0,531.303333,3,"precursor [M+2]","precursor",2,3,0.1487,0.003188
"peptides1","NVVLDKSFGAPTITK",530.634762,3,"NVVLDKSFGAPTITK3",1.687489143,0.048160512,530.6331701,530.6363539,0,531.637558,3,"precursor [M+3]","precursor",3,4,0.0576,0.00319
"peptides1","NVVLDKSFGAPTITK",530.634762,3,"NVVLDKSFGAPTITK3",1.687489143,0.048160512,530.6331701,530.6363539,0,531.971762,3,"precursor [M+4]","precursor",4,5,0.0147,0.003192
"peptides1","NYLTNKNKR",384.215761,3,"NYLTNKNKR3",0.90659481,0.011691811,384.2146084,384.2169136,0,384.215761,3,"precursor","precursor",0,1,0.5249,0.002305
"peptides1","NYLTNKNKR",384.215761,3,"NYLTNKNKR3",0.90659481,0.011691811,384.2146084,384.2169136,0,384.550021,3,"precursor [M+1]","precursor",1,2,0.2848,0.002307
"peptides1","NYLTNKNKR",384.215761,3,"NYLTNKNKR3",0.90659481,0.011691811,384.2146084,384.2169136,0,384.884216,3,"precursor [M+2]","precursor",2,3,0.0923,0.002309
"peptides1","NYLTNKNKR",384.215761,3,"NYLTNKNKR3",0.90659481,0.011691811,384.2146084,384.2169136,0,385.218385,3,"precursor [M+3]","precursor",3,4,0.0223,0.002311
"peptides1","PIITDVYAR",524.295299,2,"PIITDVYAR2",1.662609783,0.063496631,524.2937261,524.2968719,0,524.295299,2,"precursor","precursor",0,1,0.5422,0.003146
"peptides1","PIITDVYAR",524.295299,2,"PIITDVYAR2",1.662609783,0.063496631,524.2937261,524.2968719,0,524.796771,2,"precursor [M+1]","precursor",1,2,0.2881,0.003149
"peptides1","PIITDVYAR",524.295299,2,"PIITDVYAR2",1.662609783,0.063496631,524.2937261,524.2968719,0,525.29812,2,"precursor [M+2]","precursor",2,3,0.0908,0.003152
"peptides1","PIITDVYAR",524.295299,2,"PIITDVYAR2",1.662609783,0.063496631,524.2937261,524.2968719,0,525.799424,2,"precursor [M+3]","precursor",3,4,0.0213,0.003155
"peptides1","PSLSKEAALVHEALVAR",448.508534,4,"PSLSKEAALVHEALVAR4",2.078538261,0.042001839,448.5071885,448.5098795,0,448.508534,4,"precursor","precursor",0,1,0.3596,0.002691
"peptides1","PSLSKEAALVHEALVAR",448.508534,4,"PSLSKEAALVHEALVAR4",2.078538261,0.042001839,448.5071885,448.5098795,0,448.759253,4,"precursor [M+1]","precursor",1,2,0.3216,0.002693
"peptides1","PSLSKEAALVHEALVAR",448.508534,4,"PSLSKEAALVHEALVAR4",2.078538261,0.042001839,448.5071885,448.5098795,0,449.009935,4,"precursor [M+2]","precursor",2,3,0.1869,0.002694
"peptides1","PSLSKEAALVHEALVAR",448.508534,4,"PSLSKEAALVHEALVAR4",2.078538261,0.042001839,448.5071885,448.5098795,0,449.260596,4,"precursor [M+3]","precursor",3,4,0.0691,0.002696
"peptides1","PSLSKEAALVHEALVAR",448.508534,4,"PSLSKEAALVHEALVAR4",2.078538261,0.042001839,448.5071885,448.5098795,0,449.511244,4,"precursor [M+4]","precursor",4,5,0.019,0.002697
"peptides1","PVVSGAEFLK",523.797674,2,"PVVSGAEFLK2",1.766520435,0.07800016,523.7961026,523.7992454,0,523.797674,2,"precursor","precursor",0,1,0.5382,0.003143
"peptides1","PVVSGAEFLK",523.797674,2,"PVVSGAEFLK2",1.766520435,0.07800016,523.7961026,523.7992454,0,524.299169,2,"precursor [M+1]","precursor",1,2,0.2918,0.003146
"peptides1","PVVSGAEFLK",523.797674,2,"PVVSGAEFLK2",1.766520435,0.07800016,523.7961026,523.7992454,0,524.800537,2,"precursor [M+2]","precursor",2,3,0.0932,0.003149
"peptides1","PVVSGAEFLK",523.797674,2,"PVVSGAEFLK2",1.766520435,0.07800016,523.7961026,523.7992454,0,525.301856,2,"precursor [M+3]","precursor",3,4,0.0221,0.003152
"peptides1","PVVSGAEFLKAAR",448.925988,3,"PVVSGAEFLKAAR3",1.72293,0.086298587,448.9246412,448.9273348,0,448.925988,3,"precursor","precursor",0,1,0.4571,0.002694
"peptides1","PVVSGAEFLKAAR",448.925988,3,"PVVSGAEFLKAAR3",1.72293,0.086298587,448.9246412,448.9273348,0,449.260286,3,"precursor [M+1]","precursor",1,2,0.3152,0.002696
"peptides1","PVVSGAEFLKAAR",448.925988,3,"PVVSGAEFLKAAR3",1.72293,0.086298587,448.9246412,448.9273348,0,449.594524,3,"precursor [M+2]","precursor",2,3,0.1233,0.002698
"peptides1","PVVSGAEFLKAAR",448.925988,3,"PVVSGAEFLKAAR3",1.72293,0.086298587,448.9246412,448.9273348,0,449.928733,3,"precursor [M+3]","precursor",3,4,0.0335,0.0027
"peptides1","QAITNPNTIQSIK",714.396272,2,"QAITNPNTIQSIK2",1.450716522,0.021668868,714.3941288,714.3984152,0,714.396272,2,"precursor","precursor",0,1,0.4507,0.004286
"peptides1","QAITNPNTIQSIK",714.396272,2,"QAITNPNTIQSIK2",1.450716522,0.021668868,714.3941288,714.3984152,0,714.897708,2,"precursor [M+1]","precursor",1,2,0.3118,0.004289
"peptides1","QAITNPNTIQSIK",714.396272,2,"QAITNPNTIQSIK2",1.450716522,0.021668868,714.3941288,714.3984152,0,715.399042,2,"precursor [M+2]","precursor",2,3,0.126,0.004292
"peptides1","QAITNPNTIQSIK",714.396272,2,"QAITNPNTIQSIK2",1.450716522,0.021668868,714.3941288,714.3984152,0,715.900332,2,"precursor [M+3]","precursor",3,4,0.0358,0.004295
"peptides1","QAITNPNTIQSIK",714.396272,2,"QAITNPNTIQSIK2",1.450716522,0.021668868,714.3941288,714.3984152,0,716.401592,2,"precursor [M+4]","precursor",4,5,0.0101,0.004298
"peptides1","QAITNPNTVQSIK",707.388447,2,"QAITNPNTVQSIK2",1.351006818,0.055617802,707.3863248,707.3905692,0,707.388447,2,"precursor","precursor",0,1,0.4558,0.004244
"peptides1","QAITNPNTVQSIK",707.388447,2,"QAITNPNTVQSIK2",1.351006818,0.055617802,707.3863248,707.3905692,0,707.889879,2,"precursor [M+1]","precursor",1,2,0.3102,0.004247
"peptides1","QAITNPNTVQSIK",707.388447,2,"QAITNPNTVQSIK2",1.351006818,0.055617802,707.3863248,707.3905692,0,708.391207,2,"precursor [M+2]","precursor",2,3,0.1239,0.00425
"peptides1","QAITNPNTVQSIK",707.388447,2,"QAITNPNTVQSIK2",1.351006818,0.055617802,707.3863248,707.3905692,0,708.892492,2,"precursor [M+3]","precursor",3,4,0.0349,0.004253
"peptides1","QASITQELTEIVSGAAAV",894.472905,2,"QASITQELTEIVSGAAAV2",2.974196071,0.010281189,894.4702216,894.4755884,0,894.472905,2,"precursor","precursor",0,1,0.3714,0.005367
"peptides1","QASITQELTEIVSGAAAV",894.472905,2,"QASITQELTEIVSGAAAV2",2.974196071,0.010281189,894.4702216,894.4755884,0,894.974369,2,"precursor [M+1]","precursor",1,2,0.3204,0.00537
"peptides1","QASITQELTEIVSGAAAV",894.472905,2,"QASITQELTEIVSGAAAV2",2.974196071,0.010281189,894.4702216,894.4755884,0,895.475733,2,"precursor [M+2]","precursor",2,3,0.1821,0.005373
"peptides1","QASITQELTEIVSGAAAV",894.472905,2,"QASITQELTEIVSGAAAV2",2.974196071,0.010281189,894.4702216,894.4755884,0,895.977052,2,"precursor [M+3]","precursor",3,4,0.0672,0.005376
"peptides1","QASITQELTEIVSGAAAV",894.472905,2,"QASITQELTEIVSGAAAV2",2.974196071,0.010281189,894.4702216,894.4755884,0,896.47834,2,"precursor [M+4]","precursor",4,5,0.0188,0.005379
"peptides1","QATEYGVPR",510.75908,2,"QATEYGVPR2",1.282146667,0.071914669,510.7575477,510.7606123,0,510.75908,2,"precursor","precursor",0,1,0.5636,0.003065
"peptides1","QATEYGVPR",510.75908,2,"QATEYGVPR2",1.282146667,0.071914669,510.7575477,510.7606123,0,511.260513,2,"precursor [M+1]","precursor",1,2,0.275,0.003068
"peptides1","QATEYGVPR",510.75908,2,"QATEYGVPR2",1.282146667,0.071914669,510.7575477,510.7606123,0,511.761811,2,"precursor [M+2]","precursor",2,3,0.0832,0.003071
"peptides1","QATEYGVPR",510.75908,2,"QATEYGVPR2",1.282146667,0.071914669,510.7575477,510.7606123,0,512.263073,2,"precursor [M+3]","precursor",3,4,0.0189,0.003074
"peptides1","QAVTNPNTISSIKR",510.286244,3,"QAVTNPNTISSIKR3",1.280167619,0.046263313,510.2847131,510.2877749,0,510.286244,3,"precursor","precursor",0,1,0.43,0.003062
"peptides1","QAVTNPNTISSIKR",510.286244,3,"QAVTNPNTISSIKR3",1.280167619,0.046263313,510.2847131,510.2877749,0,510.620516,3,"precursor [M+1]","precursor",1,2,0.3122,0.003064
"peptides1","QAVTNPNTISSIKR",510.286244,3,"QAVTNPNTISSIKR3",1.280167619,0.046263313,510.2847131,510.2877749,0,510.954729,3,"precursor [M+2]","precursor",2,3,0.1316,0.003066
"peptides1","QAVTNPNTISSIKR",510.286244,3,"QAVTNPNTISSIKR3",1.280167619,0.046263313,510.2847131,510.2877749,0,511.288914,3,"precursor [M+3]","precursor",3,4,0.0471,0.003068
"peptides1","QAVTNPNTISSIKR",510.286244,3,"QAVTNPNTISSIKR3",1.280167619,0.046263313,510.2847131,510.2877749,0,511.623082,3,"precursor [M+4]","precursor",4,5,0.0116,0.00307
"peptides1","QAVTNPQNTLFAIKR",567.652927,3,"QAVTNPQNTLFAIKR3",1.701566818,0.047474595,567.651224,567.65463,0,567.652927,3,"precursor","precursor",0,1,0.378,0.003406
"peptides1","QAVTNPQNTLFAIKR",567.652927,3,"QAVTNPQNTLFAIKR3",1.701566818,0.047474595,567.651224,567.65463,0,567.987209,3,"precursor [M+1]","precursor",1,2,0.3207,0.003408
"peptides1","QAVTNPQNTLFAIKR",567.652927,3,"QAVTNPQNTLFAIKR3",1.701566818,0.047474595,567.651224,567.65463,0,568.321444,3,"precursor [M+2]","precursor",2,3,0.1519,0.00341
"peptides1","QAVTNPQNTLFAIKR",567.652927,3,"QAVTNPQNTLFAIKR3",1.701566818,0.047474595,567.651224,567.65463,0,568.655651,3,"precursor [M+3]","precursor",3,4,0.0627,0.003412
"peptides1","QAVTNPQNTLFAIKR",567.652927,3,"QAVTNPQNTLFAIKR3",1.701566818,0.047474595,567.651224,567.65463,0,568.98984,3,"precursor [M+4]","precursor",4,5,0.0164,0.003414
"peptides1","QGDPFGSVFAVR",640.325119,2,"QGDPFGSVFAVR2",2.308919444,0.009411006,640.323198,640.32704,0,640.325119,2,"precursor","precursor",0,1,0.4751,0.003842
"peptides1","QGDPFGSVFAVR",640.325119,2,"QGDPFGSVFAVR2",2.308919444,0.009411006,640.323198,640.32704,0,640.826565,2,"precursor [M+1]","precursor",1,2,0.311,0.003845
"peptides1","QGDPFGSVFAVR",640.325119,2,"QGDPFGSVFAVR2",2.308919444,0.009411006,640.323198,640.32704,0,641.327914,2,"precursor [M+2]","precursor",2,3,0.1132,0.003848
"peptides1","QGDPFGSVFAVR",640.325119,2,"QGDPFGSVFAVR2",2.308919444,0.009411006,640.323198,640.32704,0,641.829219,2,"precursor [M+3]","precursor",3,4,0.0309,0.003851
"peptides1","QIVANAGDEPSVVVDKVK",934.509822,2,"QIVANAGDEPSVVVDKVK2",1.533101739,0.017921828,934.5070185,934.5126255,0,934.509822,2,"precursor","precursor",0,1,0.3496,0.005607
"peptides1","QIVANAGDEPSVVVDKVK",934.509822,2,"QIVANAGDEPSVVVDKVK2",1.533101739,0.017921828,934.5070185,934.5126255,0,935.011278,2,"precursor [M+1]","precursor",1,2,0.321,0.00561
"peptides1","QIVANAGDEPSVVVDKVK",934.509822,2,"QIVANAGDEPSVVVDKVK2",1.533101739,0.017921828,934.5070185,934.5126255,0,935.512649,2,"precursor [M+2]","precursor",2,3,0.1916,0.005613
"peptides1","QIVANAGDEPSVVVDKVK",934.509822,2,"QIVANAGDEPSVVVDKVK2",1.533101739,0.017921828,934.5070185,934.5126255,0,936.013976,2,"precursor [M+3]","precursor",3,4,0.0736,0.005616
"peptides1","QIVANAGDEPSVVVDKVK",934.509822,2,"QIVANAGDEPSVVVDKVK2",1.533101739,0.017921828,934.5070185,934.5126255,0,936.515272,2,"precursor [M+4]","precursor",4,5,0.022,0.005619
"peptides1","QIVANAGDEPSVVVDKVK",623.342307,3,"QIVANAGDEPSVVVDKVK3",1.533768261,0.023227029,623.340437,623.344177,0,623.342307,3,"precursor","precursor",0,1,0.3496,0.00374
"peptides1","QIVANAGDEPSVVVDKVK",623.342307,3,"QIVANAGDEPSVVVDKVK3",1.533768261,0.023227029,623.340437,623.344177,0,623.676611,3,"precursor [M+1]","precursor",1,2,0.321,0.003742
"peptides1","QIVANAGDEPSVVVDKVK",623.342307,3,"QIVANAGDEPSVVVDKVK3",1.533768261,0.023227029,623.340437,623.344177,0,624.010858,3,"precursor [M+2]","precursor",2,3,0.1916,0.003744
"peptides1","QIVANAGDEPSVVVDKVK",623.342307,3,"QIVANAGDEPSVVVDKVK3",1.533768261,0.023227029,623.340437,623.344177,0,624.345076,3,"precursor [M+3]","precursor",3,4,0.0736,0.003746
"peptides1","QIVANAGDEPSVVVDKVK",623.342307,3,"QIVANAGDEPSVVVDKVK3",1.533768261,0.023227029,623.340437,623.344177,0,624.679274,3,"precursor [M+4]","precursor",4,5,0.022,0.003748
"peptides1","QNLAQQERTEEQLANIAR",704.697924,3,"QNLAQQERTEEQLANIAR3",1.696166522,0.029222726,704.6958099,704.7000381,0,704.697924,3,"precursor","precursor",0,2,0.318,0.004228
"peptides1","QNLAQQERTEEQLANIAR",704.697924,3,"QNLAQQERTEEQLANIAR3",1.696166522,0.029222726,704.6958099,704.7000381,0,705.032184,3,"precursor [M+1]","precursor",1,1,0.3454,0.00423
"peptides1","QNLAQQERTEEQLANIAR",704.697924,3,"QNLAQQERTEEQLANIAR3",1.696166522,0.029222726,704.6958099,704.7000381,0,705.366398,3,"precursor [M+2]","precursor",2,3,0.2047,0.004232
"peptides1","QNLAQQERTEEQLANIAR",704.697924,3,"QNLAQQERTEEQLANIAR3",1.696166522,0.029222726,704.6958099,704.7000381,0,705.700587,3,"precursor [M+3]","precursor",3,4,0.0844,0.004234
"peptides1","QNLAQQERTEEQLANIAR",704.697924,3,"QNLAQQERTEEQLANIAR3",1.696166522,0.029222726,704.6958099,704.7000381,0,706.034759,3,"precursor [M+4]","precursor",4,5,0.0291,0.004236
"peptides1","QSVDINQGVDR",615.80729,2,"QSVDINQGVDR2",1.247502222,0.009659725,615.8054426,615.8091374,0,615.80729,2,"precursor","precursor",0,1,0.5186,0.003695
"peptides1","QSVDINQGVDR",615.80729,2,"QSVDINQGVDR2",1.247502222,0.009659725,615.8054426,615.8091374,0,616.308683,2,"precursor [M+1]","precursor",1,2,0.2887,0.003698
"peptides1","QSVDINQGVDR",615.80729,2,"QSVDINQGVDR2",1.247502222,0.009659725,615.8054426,615.8091374,0,616.809952,2,"precursor [M+2]","precursor",2,3,0.097,0.003701
"peptides1","QSVDINQGVDR",615.80729,2,"QSVDINQGVDR2",1.247502222,0.009659725,615.8054426,615.8091374,0,617.311189,2,"precursor [M+3]","precursor",3,4,0.0251,0.003704
"peptides1","RGHEFGATTGR",396.867132,3,"RGHEFGATTGR3",0.93054981,0.011189689,396.8659414,396.8683226,0,396.867132,3,"precursor","precursor",0,1,0.5202,0.002381
"peptides1","RGHEFGATTGR",396.867132,3,"RGHEFGATTGR3",0.93054981,0.011189689,396.8659414,396.8683226,0,397.201368,3,"precursor [M+1]","precursor",1,2,0.2883,0.002383
"peptides1","RGHEFGATTGR",396.867132,3,"RGHEFGATTGR3",0.93054981,0.011189689,396.8659414,396.8683226,0,397.535543,3,"precursor [M+2]","precursor",2,3,0.0926,0.002385
"peptides1","RGHEFGATTGR",396.867132,3,"RGHEFGATTGR3",0.93054981,0.011189689,396.8659414,396.8683226,0,397.869696,3,"precursor [M+3]","precursor",3,4,0.0227,0.002387
"peptides1","RGRVDGMEPR",391.536617,3,"RGRVDGMEPR3",0.9782286,0.087520979,391.5354424,391.5377916,0,391.536617,3,"precursor","precursor",0,1,0.5118,0.002349
"peptides1","RGRVDGMEPR",391.536617,3,"RGRVDGMEPR3",0.9782286,0.087520979,391.5354424,391.5377916,0,391.870828,3,"precursor [M+1]","precursor",1,2,0.2649,0.002351
"peptides1","RGRVDGMEPR",391.536617,3,"RGRVDGMEPR3",0.9782286,0.087520979,391.5354424,391.5377916,0,392.204437,3,"precursor [M+2]","precursor",2,3,0.1015,0.002353
"peptides1","RGRVDGMEPR",391.536617,3,"RGRVDGMEPR3",0.9782286,0.087520979,391.5354424,391.5377916,0,392.538114,3,"precursor [M+3]","precursor",3,4,0.0148,0.002355
"peptides1","RIGHTVEREDTPAVR",434.735408,4,"RIGHTVEREDTPAVR4",1.061476087,0.079824319,434.7341038,434.7367122,0,434.735408,4,"precursor","precursor",0,1,0.3846,0.002608
"peptides1","RIGHTVEREDTPAVR",434.735408,4,"RIGHTVEREDTPAVR4",1.061476087,0.079824319,434.7341038,434.7367122,0,434.986098,4,"precursor [M+1]","precursor",1,2,0.3138,0.00261
"peptides1","RIGHTVEREDTPAVR",434.735408,4,"RIGHTVEREDTPAVR4",1.061476087,0.079824319,434.7341038,434.7367122,0,435.236751,4,"precursor [M+2]","precursor",2,3,0.1751,0.002611
"peptides1","RIGHTVEREDTPAVR",434.735408,4,"RIGHTVEREDTPAVR4",1.061476087,0.079824319,434.7341038,434.7367122,0,435.487387,4,"precursor [M+3]","precursor",3,4,0.0608,0.002613
"peptides1","RIGHTVEREDTPAVR",434.735408,4,"RIGHTVEREDTPAVR4",1.061476087,0.079824319,434.7341038,434.7367122,0,435.73801,4,"precursor [M+4]","precursor",4,5,0.0158,0.002614
"peptides1","RINHTVEVQDTPENR",452.731594,4,"RINHTVEVQDTPENR4",1.089375455,0.009934363,452.7302358,452.7329522,0,452.731594,4,"precursor","precursor",0,1,0.3736,0.002716
"peptides1","RINHTVEVQDTPENR",452.731594,4,"RINHTVEVQDTPENR4",1.089375455,0.009934363,452.7302358,452.7329522,0,452.982288,4,"precursor [M+1]","precursor",1,2,0.3134,0.002718
"peptides1","RINHTVEVQDTPENR",452.731594,4,"RINHTVEVQDTPENR4",1.089375455,0.009934363,452.7302358,452.7329522,0,453.232942,4,"precursor [M+2]","precursor",2,3,0.1803,0.002719
"peptides1","RINHTVEVQDTPENR",452.731594,4,"RINHTVEVQDTPENR4",1.089375455,0.009934363,452.7302358,452.7329522,0,453.483578,4,"precursor [M+3]","precursor",3,4,0.065,0.002721
"peptides1","RINHTVEVQDTPENR",452.731594,4,"RINHTVEVQDTPENR4",1.089375455,0.009934363,452.7302358,452.7329522,0,453.734202,4,"precursor [M+4]","precursor",4,5,0.0176,0.002722
"peptides1","SALEGEDIDDIK",652.814447,2,"SALEGEDIDDIK2",1.5870015,0.017698612,652.8124886,652.8164054,0,652.814447,2,"precursor","precursor",0,1,0.4931,0.003917
"peptides1","SALEGEDIDDIK",652.814447,2,"SALEGEDIDDIK2",1.5870015,0.017698612,652.8124886,652.8164054,0,653.31593,2,"precursor [M+1]","precursor",1,2,0.3027,0.00392
"peptides1","SALEGEDIDDIK",652.814447,2,"SALEGEDIDDIK2",1.5870015,0.017698612,652.8124886,652.8164054,0,653.817254,2,"precursor [M+2]","precursor",2,3,0.112,0.003923
"peptides1","SALEGEDIDDIK",652.814447,2,"SALEGEDIDDIK2",1.5870015,0.017698612,652.8124886,652.8164054,0,654.318542,2,"precursor [M+3]","precursor",3,4,0.0319,0.003926
"peptides1","SDDEGRALLAAFNFPFRK",514.266807,4,"SDDEGRALLAAFNFPFRK4",2.602832917,0.029308177,514.2652642,514.2683498,0,514.266807,4,"precursor","precursor",0,2,0.3029,0.003086
"peptides1","SDDEGRALLAAFNFPFRK",514.266807,4,"SDDEGRALLAAFNFPFRK4",2.602832917,0.029308177,514.2652642,514.2683498,0,514.517529,4,"precursor [M+1]","precursor",1,1,0.3469,0.003087
"peptides1","SDDEGRALLAAFNFPFRK",514.266807,4,"SDDEGRALLAAFNFPFRK4",2.602832917,0.029308177,514.2652642,514.2683498,0,514.768219,4,"precursor [M+2]","precursor",2,3,0.2123,0.003089
"peptides1","SDDEGRALLAAFNFPFRK",514.266807,4,"SDDEGRALLAAFNFPFRK4",2.602832917,0.029308177,514.2652642,514.2683498,0,515.01889,4,"precursor [M+3]","precursor",3,4,0.0899,0.00309
"peptides1","SDDEGRALLAAFNFPFRK",514.266807,4,"SDDEGRALLAAFNFPFRK4",2.602832917,0.029308177,514.2652642,514.2683498,0,515.269547,4,"precursor [M+4]","precursor",4,5,0.0293,0.003092
"peptides1","SDIINETKSKMQK",507.936224,3,"SDIINETKSKMQK3",1.279890476,0.014358655,507.9347002,507.9377478,0,507.936224,3,"precursor","precursor",0,1,0.4167,0.003048
"peptides1","SDIINETKSKMQK",507.936224,3,"SDIINETKSKMQK3",1.279890476,0.014358655,507.9347002,507.9377478,0,508.270509,3,"precursor [M+1]","precursor",1,2,0.3014,0.00305
"peptides1","SDIINETKSKMQK",507.936224,3,"SDIINETKSKMQK3",1.279890476,0.014358655,507.9347002,507.9377478,0,508.604366,3,"precursor [M+2]","precursor",2,3,0.1419,0.003052
"peptides1","SDIINETKSKMQK",507.936224,3,"SDIINETKSKMQK3",1.279890476,0.014358655,507.9347002,507.9377478,0,508.938195,3,"precursor [M+3]","precursor",3,4,0.0462,0.003054
"peptides1","SDVQAAKDDAAR",416.20559,3,"SDVQAAKDDAAR3",0.967607229,0.058037717,416.2043414,416.2068386,0,416.20559,3,"precursor","precursor",0,1,0.5173,0.002497
"peptides1","SDVQAAKDDAAR",416.20559,3,"SDVQAAKDDAAR3",0.967607229,0.058037717,416.2043414,416.2068386,0,416.539852,3,"precursor [M+1]","precursor",1,2,0.2881,0.002499
"peptides1","SDVQAAKDDAAR",416.20559,3,"SDVQAAKDDAAR3",0.967607229,0.058037717,416.2043414,416.2068386,0,416.874029,3,"precursor [M+2]","precursor",2,3,0.0979,0.002501
"peptides1","SDVQAAKDDAAR",416.20559,3,"SDVQAAKDDAAR3",0.967607229,0.058037717,416.2043414,416.2068386,0,417.208185,3,"precursor [M+3]","precursor",3,4,0.0257,0.002503
"peptides1","SEVRLPNGVLR",413.910449,3,"SEVRLPNGVLR3",1.558126857,0.067870252,413.9092073,413.9116907,0,413.910449,3,"precursor","precursor",0,1,0.4987,0.002483
"peptides1","SEVRLPNGVLR",413.910449,3,"SEVRLPNGVLR3",1.558126857,0.067870252,413.9092073,413.9116907,0,414.244714,3,"precursor [M+1]","precursor",1,2,0.2995,0.002485
"peptides1","SEVRLPNGVLR",413.910449,3,"SEVRLPNGVLR3",1.558126857,0.067870252,413.9092073,413.9116907,0,414.578918,3,"precursor [M+2]","precursor",2,3,0.1011,0.002487
"peptides1","SEVRLPNGVLR",413.910449,3,"SEVRLPNGVLR3",1.558126857,0.067870252,413.9092073,413.9116907,0,414.913095,3,"precursor [M+3]","precursor",3,4,0.0259,0.002489
"peptides1","SGADVSGPIPLPTER",748.391187,2,"SGADVSGPIPLPTER2",1.794992174,0.028135423,748.3889418,748.3934322,0,748.391187,2,"precursor","precursor",0,1,0.4341,0.00449
"peptides1","SGADVSGPIPLPTER",748.391187,2,"SGADVSGPIPLPTER2",1.794992174,0.028135423,748.3889418,748.3934322,0,748.892634,2,"precursor [M+1]","precursor",1,2,0.315,0.004493
"peptides1","SGADVSGPIPLPTER",748.391187,2,"SGADVSGPIPLPTER2",1.794992174,0.028135423,748.3889418,748.3934322,0,749.393975,2,"precursor [M+2]","precursor",2,3,0.1334,0.004496
"peptides1","SGADVSGPIPLPTER",748.391187,2,"SGADVSGPIPLPTER2",1.794992174,0.028135423,748.3889418,748.3934322,0,749.895272,2,"precursor [M+3]","precursor",3,4,0.047,0.004499
"peptides1","SGADVSGPIPLPTER",748.391187,2,"SGADVSGPIPLPTER2",1.794992174,0.028135423,748.3889418,748.3934322,0,750.396538,2,"precursor [M+4]","precursor",4,5,0.0116,0.004502
"peptides1","SGGDAPDQTTTIVR",709.349519,2,"SGGDAPDQTTTIVR2",1.28586125,0.071056843,709.347391,709.351647,0,709.349519,2,"precursor","precursor",0,1,0.4681,0.004256
"peptides1","SGGDAPDQTTTIVR",709.349519,2,"SGGDAPDQTTTIVR2",1.28586125,0.071056843,709.347391,709.351647,0,709.850938,2,"precursor [M+1]","precursor",1,2,0.3032,0.004259
"peptides1","SGGDAPDQTTTIVR",709.349519,2,"SGGDAPDQTTTIVR2",1.28586125,0.071056843,709.347391,709.351647,0,710.352235,2,"precursor [M+2]","precursor",2,3,0.12,0.004262
"peptides1","SGGDAPDQTTTIVR",709.349519,2,"SGGDAPDQTTTIVR2",1.28586125,0.071056843,709.347391,709.351647,0,710.853496,2,"precursor [M+3]","precursor",3,4,0.0401,0.004265
"peptides1","SGGVSFAAKPQDHSQK",548.609387,3,"SGGVSFAAKPQDHSQK3",1.08474,0.010686828,548.6077412,548.6110328,0,548.609387,3,"precursor","precursor",0,1,0.3995,0.003292
"peptides1","SGGVSFAAKPQDHSQK",548.609387,3,"SGGVSFAAKPQDHSQK3",1.08474,0.010686828,548.6077412,548.6110328,0,548.943664,3,"precursor [M+1]","precursor",1,2,0.3165,0.003294
"peptides1","SGGVSFAAKPQDHSQK",548.609387,3,"SGGVSFAAKPQDHSQK3",1.08474,0.010686828,548.6077412,548.6110328,0,549.277885,3,"precursor [M+2]","precursor",2,3,0.1438,0.003296
"peptides1","SGGVSFAAKPQDHSQK",548.609387,3,"SGGVSFAAKPQDHSQK3",1.08474,0.010686828,548.6077412,548.6110328,0,549.612078,3,"precursor [M+3]","precursor",3,4,0.0572,0.003298
"peptides1","SGGVSFAAKPQDHSQK",548.609387,3,"SGGVSFAAKPQDHSQK3",1.08474,0.010686828,548.6077412,548.6110328,0,549.946253,3,"precursor [M+4]","precursor",4,5,0.0146,0.0033
"peptides1","SGKSELEAFEVALENVRPTVEVK",844.449904,3,"SGKSELEAFEVALENVRPTVEVK3",2.610642174,0.023210048,844.4473707,844.4524373,0,844.449904,3,"precursor","precursor",0,2,0.2383,0.005067
"peptides1","SGKSELEAFEVALENVRPTVEVK",844.449904,3,"SGKSELEAFEVALENVRPTVEVK3",2.610642174,0.023210048,844.4473707,844.4524373,0,844.784213,3,"precursor [M+1]","precursor",1,1,0.325,0.005069
"peptides1","SGKSELEAFEVALENVRPTVEVK",844.449904,3,"SGKSELEAFEVALENVRPTVEVK3",2.610642174,0.023210048,844.4473707,844.4524373,0,845.118479,3,"precursor [M+2]","precursor",2,3,0.2372,0.005071
"peptides1","SGKSELEAFEVALENVRPTVEVK",844.449904,3,"SGKSELEAFEVALENVRPTVEVK3",2.610642174,0.023210048,844.4473707,844.4524373,0,845.452718,3,"precursor [M+3]","precursor",3,4,0.1221,0.005073
"peptides1","SGKSELEAFEVALENVRPTVEVK",844.449904,3,"SGKSELEAFEVALENVRPTVEVK3",2.610642174,0.023210048,844.4473707,844.4524373,0,845.786938,3,"precursor [M+4]","precursor",4,5,0.0494,0.005075
"peptides1","SGKTELEAFEIALDNVRPTVEVK",849.121787,3,"SGKTELEAFEIALDNVRPTVEVK3",2.590973478,0.024087065,849.1192396,849.1243344,0,849.121787,3,"precursor","precursor",0,3,0.2356,0.005095
"peptides1","SGKTELEAFEIALDNVRPTVEVK",849.121787,3,"SGKTELEAFEIALDNVRPTVEVK3",2.590973478,0.024087065,849.1192396,849.1243344,0,849.456098,3,"precursor [M+1]","precursor",1,1,0.324,0.005097
"peptides1","SGKTELEAFEIALDNVRPTVEVK",849.121787,3,"SGKTELEAFEIALDNVRPTVEVK3",2.590973478,0.024087065,849.1192396,849.1243344,0,849.790365,3,"precursor [M+2]","precursor",2,2,0.2382,0.005099
"peptides1","SGKTELEAFEIALDNVRPTVEVK",849.121787,3,"SGKTELEAFEIALDNVRPTVEVK3",2.590973478,0.024087065,849.1192396,849.1243344,0,850.124606,3,"precursor [M+3]","precursor",3,4,0.1234,0.005101
"peptides1","SGKTELEAFEIALDNVRPTVEVK",849.121787,3,"SGKTELEAFEIALDNVRPTVEVK3",2.590973478,0.024087065,849.1192396,849.1243344,0,850.458828,3,"precursor [M+4]","precursor",4,5,0.0502,0.005103
"peptides1","SGQADFAAFRR",409.207266,3,"SGQADFAAFRR3",1.440357826,0.033208281,409.2060384,409.2084936,0,409.207266,3,"precursor","precursor",0,1,0.4997,0.002455
"peptides1","SGQADFAAFRR",409.207266,3,"SGQADFAAFRR3",1.440357826,0.033208281,409.2060384,409.2084936,0,409.541527,3,"precursor [M+1]","precursor",1,2,0.299,0.002457
"peptides1","SGQADFAAFRR",409.207266,3,"SGQADFAAFRR3",1.440357826,0.033208281,409.2060384,409.2084936,0,409.875728,3,"precursor [M+2]","precursor",2,3,0.1012,0.002459
"peptides1","SGQADFAAFRR",409.207266,3,"SGQADFAAFRR3",1.440357826,0.033208281,409.2060384,409.2084936,0,410.209902,3,"precursor [M+3]","precursor",3,4,0.0259,0.002461
"peptides1","SIAKFDEALTGAK",675.866817,2,"SIAKFDEALTGAK2",1.627517273,0.102722338,675.8647894,675.8688446,0,675.866817,2,"precursor","precursor",0,1,0.4623,0.004055
"peptides1","SIAKFDEALTGAK",675.866817,2,"SIAKFDEALTGAK2",1.627517273,0.102722338,675.8647894,675.8688446,0,676.36829,2,"precursor [M+1]","precursor",1,2,0.3141,0.004058
"peptides1","SIAKFDEALTGAK",675.866817,2,"SIAKFDEALTGAK2",1.627517273,0.102722338,675.8647894,675.8688446,0,676.86965,2,"precursor [M+2]","precursor",2,3,0.1243,0.004061
"peptides1","SIAKFDEALTGAK",675.866817,2,"SIAKFDEALTGAK2",1.627517273,0.102722338,675.8647894,675.8688446,0,677.370965,2,"precursor [M+3]","precursor",3,4,0.0346,0.004064
"peptides1","SIAKFDEALTGAK",450.913636,3,"SIAKFDEALTGAK3",1.627455909,0.101279254,450.9122833,450.9149887,0,450.913636,3,"precursor","precursor",0,1,0.4623,0.002705
"peptides1","SIAKFDEALTGAK",450.913636,3,"SIAKFDEALTGAK3",1.627455909,0.101279254,450.9122833,450.9149887,0,451.247952,3,"precursor [M+1]","precursor",1,2,0.3141,0.002707
"peptides1","SIAKFDEALTGAK",450.913636,3,"SIAKFDEALTGAK3",1.627455909,0.101279254,450.9122833,450.9149887,0,451.582192,3,"precursor [M+2]","precursor",2,3,0.1243,0.002709
"peptides1","SIAKFDEALTGAK",450.913636,3,"SIAKFDEALTGAK3",1.627455909,0.101279254,450.9122833,450.9149887,0,451.916402,3,"precursor [M+3]","precursor",3,4,0.0346,0.002711
"peptides1","SIAMGSTEGLKR",417.223816,3,"SIAMGSTEGLKR3",1.2534025,0.016753501,417.2225643,417.2250677,0,417.223816,3,"precursor","precursor",0,1,0.4856,0.002503
"peptides1","SIAMGSTEGLKR",417.223816,3,"SIAMGSTEGLKR3",1.2534025,0.016753501,417.2225643,417.2250677,0,417.558083,3,"precursor [M+1]","precursor",1,2,0.285,0.002505
"peptides1","SIAMGSTEGLKR",417.223816,3,"SIAMGSTEGLKR3",1.2534025,0.016753501,417.2225643,417.2250677,0,417.891783,3,"precursor [M+2]","precursor",2,3,0.1129,0.002507
"peptides1","SIAMGSTEGLKR",417.223816,3,"SIAMGSTEGLKR3",1.2534025,0.016753501,417.2225643,417.2250677,0,418.225526,3,"precursor [M+3]","precursor",3,4,0.0169,0.002509
"peptides1","SIITDIYAR",526.292756,2,"SIITDIYAR2",1.969008696,0.066206678,526.2911771,526.2943349,0,526.292756,2,"precursor","precursor",0,1,0.5468,0.003158
"peptides1","SIITDIYAR",526.292756,2,"SIITDIYAR2",1.969008696,0.066206678,526.2911771,526.2943349,0,526.794225,2,"precursor [M+1]","precursor",1,2,0.2847,0.003161
"peptides1","SIITDIYAR",526.292756,2,"SIITDIYAR2",1.969008696,0.066206678,526.2911771,526.2943349,0,527.29556,2,"precursor [M+2]","precursor",2,3,0.0897,0.003164
"peptides1","SIITDIYAR",526.292756,2,"SIITDIYAR2",1.969008696,0.066206678,526.2911771,526.2943349,0,527.796853,2,"precursor [M+3]","precursor",3,4,0.0211,0.003167
"peptides1","SIITDVYAR",519.284931,2,"SIITDVYAR2",1.7641,0.083368318,519.2833731,519.2864889,0,519.284931,2,"precursor","precursor",0,1,0.5529,0.003116
"peptides1","SIITDVYAR",519.284931,2,"SIITDVYAR2",1.7641,0.083368318,519.2833731,519.2864889,0,519.786395,2,"precursor [M+1]","precursor",1,2,0.2819,0.003119
"peptides1","SIITDVYAR",519.284931,2,"SIITDVYAR2",1.7641,0.083368318,519.2833731,519.2864889,0,520.287722,2,"precursor [M+2]","precursor",2,3,0.0876,0.003122
"peptides1","SIITDVYAR",519.284931,2,"SIITDVYAR2",1.7641,0.083368318,519.2833731,519.2864889,0,520.789009,2,"precursor [M+3]","precursor",3,4,0.0204,0.003125
"peptides1","SIQGTGFK",419.226885,2,"SIQGTGFK2",1.204835,0.008753712,419.2256273,419.2281427,0,419.226885,2,"precursor","precursor",0,1,0.6203,0.002515
"peptides1","SIQGTGFK",419.226885,2,"SIQGTGFK2",1.204835,0.008753712,419.2256273,419.2281427,0,419.72834,2,"precursor [M+1]","precursor",1,2,0.2543,0.002518
"peptides1","SIQGTGFK",419.226885,2,"SIQGTGFK2",1.204835,0.008753712,419.2256273,419.2281427,0,420.229636,2,"precursor [M+2]","precursor",2,3,0.0662,0.002521
"peptides1","SIQGTGFK",419.226885,2,"SIQGTGFK2",1.204835,0.008753712,419.2256273,419.2281427,0,420.730897,2,"precursor [M+3]","precursor",3,4,0.013,0.002524
"peptides1","SKADQDKMTTALVK",512.608107,3,"SKADQDKMTTALVK3",1.2036145,0.008562558,512.6065692,512.6096448,0,512.608107,3,"precursor","precursor",0,1,0.4121,0.003076
"peptides1","SKADQDKMTTALVK",512.608107,3,"SKADQDKMTTALVK3",1.2036145,0.008562558,512.6065692,512.6096448,0,512.942395,3,"precursor [M+1]","precursor",1,2,0.3027,0.003078
"peptides1","SKADQDKMTTALVK",512.608107,3,"SKADQDKMTTALVK3",1.2036145,0.008562558,512.6065692,512.6096448,0,513.276263,3,"precursor [M+2]","precursor",2,3,0.1439,0.00308
"peptides1","SKADQDKMTTALVK",512.608107,3,"SKADQDKMTTALVK3",1.2036145,0.008562558,512.6065692,512.6096448,0,513.610097,3,"precursor [M+3]","precursor",3,4,0.0472,0.003082
"peptides1","SKADQDKMTTALVK",384.707899,4,"SKADQDKMTTALVK4",1.1966175,0.007868569,384.7067449,384.7090531,0,384.707899,4,"precursor","precursor",0,1,0.4121,0.002308
"peptides1","SKADQDKMTTALVK",384.707899,4,"SKADQDKMTTALVK4",1.1966175,0.007868569,384.7067449,384.7090531,0,384.958615,4,"precursor [M+1]","precursor",1,2,0.3027,0.00231
"peptides1","SKADQDKMTTALVK",384.707899,4,"SKADQDKMTTALVK4",1.1966175,0.007868569,384.7067449,384.7090531,0,385.209016,4,"precursor [M+2]","precursor",2,3,0.1439,0.002311
"peptides1","SKADQDKMTTALVK",384.707899,4,"SKADQDKMTTALVK4",1.1966175,0.007868569,384.7067449,384.7090531,0,385.459392,4,"precursor [M+3]","precursor",3,4,0.0472,0.002313
"peptides1","SKFEELADSLIRR",521.954495,3,"SKFEELADSLIRR3",2.146000952,0.0646875,521.9529291,521.9560609,0,521.954495,3,"precursor","precursor",0,1,0.4131,0.003132
"peptides1","SKFEELADSLIRR",521.954495,3,"SKFEELADSLIRR3",2.146000952,0.0646875,521.9529291,521.9560609,0,522.288785,3,"precursor [M+1]","precursor",1,2,0.3181,0.003134
"peptides1","SKFEELADSLIRR",521.954495,3,"SKFEELADSLIRR3",2.146000952,0.0646875,521.9529291,521.9560609,0,522.623016,3,"precursor [M+2]","precursor",2,3,0.1399,0.003136
"peptides1","SKFEELADSLIRR",521.954495,3,"SKFEELADSLIRR3",2.146000952,0.0646875,521.9529291,521.9560609,0,522.957218,3,"precursor [M+3]","precursor",3,4,0.0513,0.003138
"peptides1","SKFEELADSLIRR",521.954495,3,"SKFEELADSLIRR3",2.146000952,0.0646875,521.9529291,521.9560609,0,523.291402,3,"precursor [M+4]","precursor",4,5,0.0131,0.00314
"peptides1","SLGSNTPINIVR",635.859326,2,"SLGSNTPINIVR2",1.688464211,0.028795112,635.8574184,635.8612336,0,635.859326,2,"precursor","precursor",0,1,0.4926,0.003815
"peptides1","SLGSNTPINIVR",635.859326,2,"SLGSNTPINIVR2",1.688464211,0.028795112,635.8574184,635.8612336,0,636.360745,2,"precursor [M+1]","precursor",1,2,0.3017,0.003818
"peptides1","SLGSNTPINIVR",635.859326,2,"SLGSNTPINIVR2",1.688464211,0.028795112,635.8574184,635.8612336,0,636.862059,2,"precursor [M+2]","precursor",2,3,0.1052,0.003821
"peptides1","SLGSNTPINIVR",635.859326,2,"SLGSNTPINIVR2",1.688464211,0.028795112,635.8574184,635.8612336,0,637.363332,2,"precursor [M+3]","precursor",3,4,0.028,0.003824
"peptides1","SLRESDVEFKVIK",388.220065,4,"SLRESDVEFKVIK4",1.530613,0.041810441,388.2189003,388.2212297,0,388.220065,4,"precursor","precursor",0,1,0.4115,0.002329
"peptides1","SLRESDVEFKVIK",388.220065,4,"SLRESDVEFKVIK4",1.530613,0.041810441,388.2189003,388.2212297,0,388.470798,4,"precursor [M+1]","precursor",1,2,0.3215,0.002331
"peptides1","SLRESDVEFKVIK",388.220065,4,"SLRESDVEFKVIK4",1.530613,0.041810441,388.2189003,388.2212297,0,388.721483,4,"precursor [M+2]","precursor",2,3,0.1429,0.002332
"peptides1","SLRESDVEFKVIK",388.220065,4,"SLRESDVEFKVIK4",1.530613,0.041810441,388.2189003,388.2212297,0,388.972145,4,"precursor [M+3]","precursor",3,4,0.052,0.002334
"peptides1","SLRESDVEFKVIK",388.220065,4,"SLRESDVEFKVIK4",1.530613,0.041810441,388.2189003,388.2212297,0,389.222792,4,"precursor [M+4]","precursor",4,5,0.0134,0.002335
"peptides1","SLTDAAQQVVAAVEGK",793.922851,2,"SLTDAAQQVVAAVEGK2",2.679148696,0.017185375,793.9204692,793.9252328,0,793.922851,2,"precursor","precursor",0,1,0.4161,0.004764
"peptides1","SLTDAAQQVVAAVEGK",793.922851,2,"SLTDAAQQVVAAVEGK2",2.679148696,0.017185375,793.9204692,793.9252328,0,794.424297,2,"precursor [M+1]","precursor",1,2,0.3164,0.004767
"peptides1","SLTDAAQQVVAAVEGK",793.922851,2,"SLTDAAQQVVAAVEGK2",2.679148696,0.017185375,793.9204692,793.9252328,0,794.92564,2,"precursor [M+2]","precursor",2,3,0.1404,0.00477
"peptides1","SLTDAAQQVVAAVEGK",793.922851,2,"SLTDAAQQVVAAVEGK2",2.679148696,0.017185375,793.9204692,793.9252328,0,795.426938,2,"precursor [M+3]","precursor",3,4,0.0517,0.004773
"peptides1","SLTDAAQQVVAAVEGK",793.922851,2,"SLTDAAQQVVAAVEGK2",2.679148696,0.017185375,793.9204692,793.9252328,0,795.928208,2,"precursor [M+4]","precursor",4,5,0.0134,0.004776
"peptides1","SLTDAAQQVVAAVEGK",529.61766,3,"SLTDAAQQVVAAVEGK3",2.678878696,0.01897002,529.6160711,529.6192489,0,529.61766,3,"precursor","precursor",0,1,0.4161,0.003178
"peptides1","SLTDAAQQVVAAVEGK",529.61766,3,"SLTDAAQQVVAAVEGK3",2.678878696,0.01897002,529.6160711,529.6192489,0,529.951957,3,"precursor [M+1]","precursor",1,2,0.3164,0.00318
"peptides1","SLTDAAQQVVAAVEGK",529.61766,3,"SLTDAAQQVVAAVEGK3",2.678878696,0.01897002,529.6160711,529.6192489,0,530.286185,3,"precursor [M+2]","precursor",2,3,0.1404,0.003182
"peptides1","SLTDAAQQVVAAVEGK",529.61766,3,"SLTDAAQQVVAAVEGK3",2.678878696,0.01897002,529.6160711,529.6192489,0,530.620384,3,"precursor [M+3]","precursor",3,4,0.0517,0.003184
"peptides1","SLTDAAQQVVAAVEGK",529.61766,3,"SLTDAAQQVVAAVEGK3",2.678878696,0.01897002,529.6160711,529.6192489,0,530.954564,3,"precursor [M+4]","precursor",4,5,0.0134,0.003186
"peptides1","SQTVHFQGNPVSVQGTIPQAGAK",784.408262,3,"SQTVHFQGNPVSVQGTIPQAGAK3",1.621086522,0.050907214,784.4059088,784.4106152,0,784.408262,3,"precursor","precursor",0,2,0.2649,0.004706
"peptides1","SQTVHFQGNPVSVQGTIPQAGAK",784.408262,3,"SQTVHFQGNPVSVQGTIPQAGAK3",1.621086522,0.050907214,784.4059088,784.4106152,0,784.742545,3,"precursor [M+1]","precursor",1,1,0.3358,0.004708
"peptides1","SQTVHFQGNPVSVQGTIPQAGAK",784.408262,3,"SQTVHFQGNPVSVQGTIPQAGAK3",1.621086522,0.050907214,784.4059088,784.4106152,0,785.076789,3,"precursor [M+2]","precursor",2,3,0.2274,0.00471
"peptides1","SQTVHFQGNPVSVQGTIPQAGAK",784.408262,3,"SQTVHFQGNPVSVQGTIPQAGAK3",1.621086522,0.050907214,784.4059088,784.4106152,0,785.411008,3,"precursor [M+3]","precursor",3,4,0.1085,0.004712
"peptides1","SQTVHFQGNPVSVQGTIPQAGAK",784.408262,3,"SQTVHFQGNPVSVQGTIPQAGAK3",1.621086522,0.050907214,784.4059088,784.4106152,0,785.74521,3,"precursor [M+4]","precursor",4,5,0.0407,0.004714
"peptides1","SRDLEKLER",382.547288,3,"SRDLEKLER3",1.093226522,0.010250003,382.5461404,382.5484356,0,382.547288,3,"precursor","precursor",0,1,0.5357,0.002295
"peptides1","SRDLEKLER",382.547288,3,"SRDLEKLER3",1.093226522,0.010250003,382.5461404,382.5484356,0,382.881554,3,"precursor [M+1]","precursor",1,2,0.2794,0.002297
"peptides1","SRDLEKLER",382.547288,3,"SRDLEKLER3",1.093226522,0.010250003,382.5461404,382.5484356,0,383.21574,3,"precursor [M+2]","precursor",2,3,0.0904,0.002299
"peptides1","SRDLEKLER",382.547288,3,"SRDLEKLER3",1.093226522,0.010250003,382.5461404,382.5484356,0,383.549904,3,"precursor [M+3]","precursor",3,4,0.022,0.002301
"peptides1","STRGEILAVGNGR",443.91263,3,"STRGEILAVGNGR3",1.299170909,0.010341372,443.9112983,443.9139617,0,443.91263,3,"precursor","precursor",0,1,0.486,0.002663
"peptides1","STRGEILAVGNGR",443.91263,3,"STRGEILAVGNGR3",1.299170909,0.010341372,443.9112983,443.9139617,0,444.246879,3,"precursor [M+1]","precursor",1,2,0.2978,0.002665
"peptides1","STRGEILAVGNGR",443.91263,3,"STRGEILAVGNGR3",1.299170909,0.010341372,443.9112983,443.9139617,0,444.581064,3,"precursor [M+2]","precursor",2,3,0.105,0.002667
"peptides1","STRGEILAVGNGR",443.91263,3,"STRGEILAVGNGR3",1.299170909,0.010341372,443.9112983,443.9139617,0,444.915226,3,"precursor [M+3]","precursor",3,4,0.0283,0.002669
"peptides1","SVEEILGK",437.74765,2,"SVEEILGK2",1.545118125,0.058664396,437.7463368,437.7489632,0,437.74765,2,"precursor","precursor",0,1,0.6122,0.002626
"peptides1","SVEEILGK",437.74765,2,"SVEEILGK2",1.545118125,0.058664396,437.7463368,437.7489632,0,438.249138,2,"precursor [M+1]","precursor",1,2,0.2582,0.002629
"peptides1","SVEEILGK",437.74765,2,"SVEEILGK2",1.545118125,0.058664396,437.7463368,437.7489632,0,438.750439,2,"precursor [M+2]","precursor",2,3,0.0708,0.002633
"peptides1","SVEEILGK",437.74765,2,"SVEEILGK2",1.545118125,0.058664396,437.7463368,437.7489632,0,439.251711,2,"precursor [M+3]","precursor",3,4,0.0147,0.002636
"peptides1","SVEVTVKGPGPGR",428.241976,3,"SVEVTVKGPGPGR3",1.211576087,0.011492493,428.2406913,428.2432607,0,428.241976,3,"precursor","precursor",0,1,0.4873,0.002569
"peptides1","SVEVTVKGPGPGR",428.241976,3,"SVEVTVKGPGPGR3",1.211576087,0.011492493,428.2406913,428.2432607,0,428.576258,3,"precursor [M+1]","precursor",1,2,0.3037,0.002571
"peptides1","SVEVTVKGPGPGR",428.241976,3,"SVEVTVKGPGPGR3",1.211576087,0.011492493,428.2406913,428.2432607,0,428.910471,3,"precursor [M+2]","precursor",2,3,0.1073,0.002573
"peptides1","SVEVTVKGPGPGR",428.241976,3,"SVEVTVKGPGPGR3",1.211576087,0.011492493,428.2406913,428.2432607,0,429.244656,3,"precursor [M+3]","precursor",3,4,0.0288,0.002575
"peptides1","SVEVTVKGPGPGRESAIR",613.674279,3,"SVEVTVKGPGPGRESAIR3",1.280235,0.01377953,613.672438,613.67612,0,613.674279,3,"precursor","precursor",0,1,0.3591,0.003682
"peptides1","SVEVTVKGPGPGRESAIR",613.674279,3,"SVEVTVKGPGPGRESAIR3",1.280235,0.01377953,613.672438,613.67612,0,614.008555,3,"precursor [M+1]","precursor",1,2,0.3176,0.003684
"peptides1","SVEVTVKGPGPGRESAIR",613.674279,3,"SVEVTVKGPGPGRESAIR3",1.280235,0.01377953,613.672438,613.67612,0,614.342781,3,"precursor [M+2]","precursor",2,3,0.1869,0.003686
"peptides1","SVEVTVKGPGPGRESAIR",613.674279,3,"SVEVTVKGPGPGRESAIR3",1.280235,0.01377953,613.672438,613.67612,0,614.67698,3,"precursor [M+3]","precursor",3,4,0.0694,0.003688
"peptides1","SVEVTVKGPGPGRESAIR",613.674279,3,"SVEVTVKGPGPGRESAIR3",1.280235,0.01377953,613.672438,613.67612,0,615.011162,3,"precursor [M+4]","precursor",4,5,0.0192,0.00369
"peptides1","SVEVTVKGPGPGRESAIR",460.507529,4,"SVEVTVKGPGPGRESAIR4",1.279802273,0.011241216,460.5061475,460.5089105,0,460.507529,4,"precursor","precursor",0,1,0.3591,0.002763
"peptides1","SVEVTVKGPGPGRESAIR",460.507529,4,"SVEVTVKGPGPGRESAIR4",1.279802273,0.011241216,460.5061475,460.5089105,0,460.758235,4,"precursor [M+1]","precursor",1,2,0.3176,0.002765
"peptides1","SVEVTVKGPGPGRESAIR",460.507529,4,"SVEVTVKGPGPGRESAIR4",1.279802273,0.011241216,460.5061475,460.5089105,0,461.008905,4,"precursor [M+2]","precursor",2,3,0.1869,0.002766
"peptides1","SVEVTVKGPGPGRESAIR",460.507529,4,"SVEVTVKGPGPGRESAIR4",1.279802273,0.011241216,460.5061475,460.5089105,0,461.259554,4,"precursor [M+3]","precursor",3,4,0.0694,0.002768
"peptides1","SVEVTVKGPGPGRESAIR",460.507529,4,"SVEVTVKGPGPGRESAIR4",1.279802273,0.011241216,460.5061475,460.5089105,0,461.510191,4,"precursor [M+4]","precursor",4,5,0.0192,0.002769
"peptides1","SVIGRPETQR",381.547399,3,"SVIGRPETQR3",1.059407174,0.061768054,381.5462544,381.5485436,0,381.547399,3,"precursor","precursor",0,1,0.5352,0.002289
"peptides1","SVIGRPETQR",381.547399,3,"SVIGRPETQR3",1.059407174,0.061768054,381.5462544,381.5485436,0,381.881653,3,"precursor [M+1]","precursor",1,2,0.2789,0.002291
"peptides1","SVIGRPETQR",381.547399,3,"SVIGRPETQR3",1.059407174,0.061768054,381.5462544,381.5485436,0,382.215835,3,"precursor [M+2]","precursor",2,3,0.0891,0.002293
"peptides1","SVIGRPETQR",381.547399,3,"SVIGRPETQR3",1.059407174,0.061768054,381.5462544,381.5485436,0,382.549994,3,"precursor [M+3]","precursor",3,4,0.0214,0.002295
"peptides1","SVIGRPQNQR",385.551144,3,"SVIGRPQNQR3",0.994846348,0.010165481,385.5499873,385.5523007,0,385.551144,3,"precursor","precursor",0,1,0.5325,0.002313
"peptides1","SVIGRPQNQR",385.551144,3,"SVIGRPQNQR3",0.994846348,0.010165481,385.5499873,385.5523007,0,385.885374,3,"precursor [M+1]","precursor",1,2,0.2773,0.002315
"peptides1","SVIGRPQNQR",385.551144,3,"SVIGRPQNQR3",0.994846348,0.010165481,385.5499873,385.5523007,0,386.219544,3,"precursor [M+2]","precursor",2,3,0.0875,0.002317
"peptides1","SVIGRPQNQR",385.551144,3,"SVIGRPQNQR3",0.994846348,0.010165481,385.5499873,385.5523007,0,386.553692,3,"precursor [M+3]","precursor",3,4,0.0207,0.002319
"peptides1","SVKVVDVDRADR",453.584402,3,"SVKVVDVDRADR3",1.131194444,0.008292059,453.5830412,453.5857628,0,453.584402,3,"precursor","precursor",0,1,0.4759,0.002722
"peptides1","SVKVVDVDRADR",453.584402,3,"SVKVVDVDRADR3",1.131194444,0.008292059,453.5830412,453.5857628,0,453.918668,3,"precursor [M+1]","precursor",1,2,0.3025,0.002724
"peptides1","SVKVVDVDRADR",453.584402,3,"SVKVVDVDRADR3",1.131194444,0.008292059,453.5830412,453.5857628,0,454.252866,3,"precursor [M+2]","precursor",2,3,0.1102,0.002726
"peptides1","SVKVVDVDRADR",453.584402,3,"SVKVVDVDRADR3",1.131194444,0.008292059,453.5830412,453.5857628,0,454.587039,3,"precursor [M+3]","precursor",3,4,0.0307,0.002728
"peptides1","TAPPQISAEVLKK",691.406109,2,"TAPPQISAEVLKK2",1.496784762,0.05635264,691.4040348,691.4081832,0,691.406109,2,"precursor","precursor",0,1,0.4512,0.004148
"peptides1","TAPPQISAEVLKK",691.406109,2,"TAPPQISAEVLKK2",1.496784762,0.05635264,691.4040348,691.4081832,0,691.907576,2,"precursor [M+1]","precursor",1,2,0.3169,0.004151
"peptides1","TAPPQISAEVLKK",691.406109,2,"TAPPQISAEVLKK2",1.496784762,0.05635264,691.4040348,691.4081832,0,692.408943,2,"precursor [M+2]","precursor",2,3,0.1275,0.004154
"peptides1","TAPPQISAEVLKK",691.406109,2,"TAPPQISAEVLKK2",1.496784762,0.05635264,691.4040348,691.4081832,0,692.910263,2,"precursor [M+3]","precursor",3,4,0.0358,0.004157
"peptides1","TAPPQISAEVLKK",461.273165,3,"TAPPQISAEVLKK3",1.485324783,0.065496808,461.2717812,461.2745488,0,461.273165,3,"precursor","precursor",0,1,0.4512,0.002768
"peptides1","TAPPQISAEVLKK",461.273165,3,"TAPPQISAEVLKK3",1.485324783,0.065496808,461.2717812,461.2745488,0,461.607476,3,"precursor [M+1]","precursor",1,2,0.3169,0.00277
"peptides1","TAPPQISAEVLKK",461.273165,3,"TAPPQISAEVLKK3",1.485324783,0.065496808,461.2717812,461.2745488,0,461.941721,3,"precursor [M+2]","precursor",2,3,0.1275,0.002772
"peptides1","TAPPQISAEVLKK",461.273165,3,"TAPPQISAEVLKK3",1.485324783,0.065496808,461.2717812,461.2745488,0,462.275934,3,"precursor [M+3]","precursor",3,4,0.0358,0.002774
"peptides1","TASSGDYNKNQYYGITAGPAYR",799.708377,3,"TASSGDYNKNQYYGITAGPAYR3",1.575258333,0.02257242,799.7059779,799.7107761,0,799.708377,3,"precursor","precursor",0,2,0.2567,0.004798
"peptides1","TASSGDYNKNQYYGITAGPAYR",799.708377,3,"TASSGDYNKNQYYGITAGPAYR3",1.575258333,0.02257242,799.7059779,799.7107761,0,800.042675,3,"precursor [M+1]","precursor",1,1,0.332,0.0048
"peptides1","TASSGDYNKNQYYGITAGPAYR",799.708377,3,"TASSGDYNKNQYYGITAGPAYR3",1.575258333,0.02257242,799.7059779,799.7107761,0,800.376929,3,"precursor [M+2]","precursor",2,3,0.2305,0.004802
"peptides1","TASSGDYNKNQYYGITAGPAYR",799.708377,3,"TASSGDYNKNQYYGITAGPAYR3",1.575258333,0.02257242,799.7059779,799.7107761,0,800.711157,3,"precursor [M+3]","precursor",3,4,0.113,0.004804
"peptides1","TASSGDYNKNQYYGITAGPAYR",799.708377,3,"TASSGDYNKNQYYGITAGPAYR3",1.575258333,0.02257242,799.7059779,799.7107761,0,801.045366,3,"precursor [M+4]","precursor",4,5,0.0437,0.004806
"peptides1","TDEVAKTAEGRK",435.565007,3,"TDEVAKTAEGRK3",0.885681826,0.010295833,435.5637003,435.5663137,0,435.565007,3,"precursor","precursor",0,1,0.4945,0.002613
"peptides1","TDEVAKTAEGRK",435.565007,3,"TDEVAKTAEGRK3",0.885681826,0.010295833,435.5637003,435.5663137,0,435.899284,3,"precursor [M+1]","precursor",1,2,0.2978,0.002615
"peptides1","TDEVAKTAEGRK",435.565007,3,"TDEVAKTAEGRK3",0.885681826,0.010295833,435.5637003,435.5663137,0,436.23348,3,"precursor [M+2]","precursor",2,3,0.1058,0.002617
"peptides1","TDEVAKTAEGRK",435.565007,3,"TDEVAKTAEGRK3",0.885681826,0.010295833,435.5637003,435.5663137,0,436.567652,3,"precursor [M+3]","precursor",3,4,0.0289,0.002619
"peptides1","TDIAQLLGKDADNLLQHR",674.363993,3,"TDIAQLLGKDADNLLQHR3",2.563770952,0.019544536,674.3619699,674.3660161,0,674.363993,3,"precursor","precursor",0,2,0.3239,0.004046
"peptides1","TDIAQLLGKDADNLLQHR",674.363993,3,"TDIAQLLGKDADNLLQHR3",2.563770952,0.019544536,674.3619699,674.3660161,0,674.698272,3,"precursor [M+1]","precursor",1,1,0.3478,0.004048
"peptides1","TDIAQLLGKDADNLLQHR",674.363993,3,"TDIAQLLGKDADNLLQHR3",2.563770952,0.019544536,674.3619699,674.3660161,0,675.032505,3,"precursor [M+2]","precursor",2,3,0.2026,0.00405
"peptides1","TDIAQLLGKDADNLLQHR",674.363993,3,"TDIAQLLGKDADNLLQHR3",2.563770952,0.019544536,674.3619699,674.3660161,0,675.366711,3,"precursor [M+3]","precursor",3,4,0.0821,0.004052
"peptides1","TDIAQLLGKDADNLLQHR",674.363993,3,"TDIAQLLGKDADNLLQHR3",2.563770952,0.019544536,674.3619699,674.3660161,0,675.700899,3,"precursor [M+4]","precursor",4,5,0.0257,0.004054
"peptides1","TDIAQLLGKDADNLLQHR",506.024814,4,"TDIAQLLGKDADNLLQHR4",2.56104381,0.020985896,506.0232959,506.0263321,0,506.024814,4,"precursor","precursor",0,2,0.3239,0.003036
"peptides1","TDIAQLLGKDADNLLQHR",506.024814,4,"TDIAQLLGKDADNLLQHR4",2.56104381,0.020985896,506.0232959,506.0263321,0,506.275523,4,"precursor [M+1]","precursor",1,1,0.3478,0.003038
"peptides1","TDIAQLLGKDADNLLQHR",506.024814,4,"TDIAQLLGKDADNLLQHR4",2.56104381,0.020985896,506.0232959,506.0263321,0,506.526198,4,"precursor [M+2]","precursor",2,3,0.2026,0.003039
"peptides1","TDIAQLLGKDADNLLQHR",506.024814,4,"TDIAQLLGKDADNLLQHR4",2.56104381,0.020985896,506.0232959,506.0263321,0,506.776852,4,"precursor [M+3]","precursor",3,4,0.0821,0.003041
"peptides1","TDIAQLLGKDADNLLQHR",506.024814,4,"TDIAQLLGKDADNLLQHR4",2.56104381,0.020985896,506.0232959,506.0263321,0,507.027493,4,"precursor [M+4]","precursor",4,5,0.0257,0.003042
"peptides1","TGATVAGPVPLPTER",733.404098,2,"TGATVAGPVPLPTER2",1.673167727,0.083291977,733.4018978,733.4062982,0,733.404098,2,"precursor","precursor",0,1,0.4361,0.0044
"peptides1","TGATVAGPVPLPTER",733.404098,2,"TGATVAGPVPLPTER2",1.673167727,0.083291977,733.4018978,733.4062982,0,733.905544,2,"precursor [M+1]","precursor",1,2,0.3162,0.004403
"peptides1","TGATVAGPVPLPTER",733.404098,2,"TGATVAGPVPLPTER2",1.673167727,0.083291977,733.4018978,733.4062982,0,734.406893,2,"precursor [M+2]","precursor",2,3,0.1321,0.004406
"peptides1","TGATVAGPVPLPTER",733.404098,2,"TGATVAGPVPLPTER2",1.673167727,0.083291977,733.4018978,733.4062982,0,734.908197,2,"precursor [M+3]","precursor",3,4,0.0386,0.004409
"peptides1","TGATVAGPVPLPTER",733.404098,2,"TGATVAGPVPLPTER2",1.673167727,0.083291977,733.4018978,733.4062982,0,735.40947,2,"precursor [M+4]","precursor",4,5,0.0111,0.004412
"peptides1","TGEDIPITARR",410.226326,3,"TGEDIPITARR3",1.272325152,0.046127862,410.2250953,410.2275567,0,410.226326,3,"precursor","precursor",0,1,0.5094,0.002461
"peptides1","TGEDIPITARR",410.226326,3,"TGEDIPITARR3",1.272325152,0.046127862,410.2250953,410.2275567,0,410.560595,3,"precursor [M+1]","precursor",1,2,0.2948,0.002463
"peptides1","TGEDIPITARR",410.226326,3,"TGEDIPITARR3",1.272325152,0.046127862,410.2250953,410.2275567,0,410.89479,3,"precursor [M+2]","precursor",2,3,0.0992,0.002465
"peptides1","TGEDIPITARR",410.226326,3,"TGEDIPITARR3",1.272325152,0.046127862,410.2250953,410.2275567,0,411.228961,3,"precursor [M+3]","precursor",3,4,0.0255,0.002467
"peptides1","TGGDAPDQTTTIVR",716.357344,2,"TGGDAPDQTTTIVR2",1.278559583,0.018604229,716.3551949,716.3594931,0,716.357344,2,"precursor","precursor",0,1,0.4629,0.004298
"peptides1","TGGDAPDQTTTIVR",716.357344,2,"TGGDAPDQTTTIVR2",1.278559583,0.018604229,716.3551949,716.3594931,0,716.858768,2,"precursor [M+1]","precursor",1,2,0.305,0.004301
"peptides1","TGGDAPDQTTTIVR",716.357344,2,"TGGDAPDQTTTIVR2",1.278559583,0.018604229,716.3551949,716.3594931,0,717.360071,2,"precursor [M+2]","precursor",2,3,0.122,0.004304
"peptides1","TGGDAPDQTTTIVR",716.357344,2,"TGGDAPDQTTTIVR2",1.278559583,0.018604229,716.3551949,716.3594931,0,717.861337,2,"precursor [M+3]","precursor",3,4,0.0411,0.004307
"peptides1","TGRNPQTGKEIK",443.58088,3,"TGRNPQTGKEIK3",0.825833448,0.0923598,443.5795493,443.5822107,0,443.58088,3,"precursor","precursor",0,1,0.4824,0.002661
"peptides1","TGRNPQTGKEIK",443.58088,3,"TGRNPQTGKEIK3",0.825833448,0.0923598,443.5795493,443.5822107,0,443.915143,3,"precursor [M+1]","precursor",1,2,0.301,0.002663
"peptides1","TGRNPQTGKEIK",443.58088,3,"TGRNPQTGKEIK3",0.825833448,0.0923598,443.5795493,443.5822107,0,444.249339,3,"precursor [M+2]","precursor",2,3,0.1074,0.002665
"peptides1","TGRNPQTGKEIK",443.58088,3,"TGRNPQTGKEIK3",0.825833448,0.0923598,443.5795493,443.5822107,0,444.583511,3,"precursor [M+3]","precursor",3,4,0.0292,0.002668
"peptides1","TGRNPQTGKPIK",432.917604,3,"TGRNPQTGKPIK3",0.794261826,0.011178739,432.9163052,432.9189028,0,432.917604,3,"precursor","precursor",0,1,0.4847,0.002598
"peptides1","TGRNPQTGKPIK",432.917604,3,"TGRNPQTGKPIK3",0.794261826,0.011178739,432.9163052,432.9189028,0,433.251866,3,"precursor [M+1]","precursor",1,2,0.3021,0.0026
"peptides1","TGRNPQTGKPIK",432.917604,3,"TGRNPQTGKPIK3",0.794261826,0.011178739,432.9163052,432.9189028,0,433.586068,3,"precursor [M+2]","precursor",2,3,0.1057,0.002602
"peptides1","TGRNPQTGKPIK",432.917604,3,"TGRNPQTGKPIK3",0.794261826,0.011178739,432.9163052,432.9189028,0,433.920243,3,"precursor [M+3]","precursor",3,4,0.0281,0.002604
"peptides1","TINDPIADMLTR",680.350476,2,"TINDPIADMLTR2",2.421,0.036989072,680.3484349,680.3525171,0,680.350476,2,"precursor","precursor",0,1,0.4523,0.004082
"peptides1","TINDPIADMLTR",680.350476,2,"TINDPIADMLTR2",2.421,0.036989072,680.3484349,680.3525171,0,680.851905,2,"precursor [M+1]","precursor",1,2,0.296,0.004085
"peptides1","TINDPIADMLTR",680.350476,2,"TINDPIADMLTR2",2.421,0.036989072,680.3484349,680.3525171,0,681.352585,2,"precursor [M+2]","precursor",2,3,0.1269,0.004088
"peptides1","TINDPIADMLTR",680.350476,2,"TINDPIADMLTR2",2.421,0.036989072,680.3484349,680.3525171,0,681.853266,2,"precursor [M+3]","precursor",3,4,0.018,0.004091
"peptides1","TLAAVRDAKEAA",608.338226,2,"TLAAVRDAKEAA2",1.233465106,0.071289848,608.336401,608.340051,0,608.338226,2,"precursor","precursor",0,1,0.5112,0.00365
"peptides1","TLAAVRDAKEAA",608.338226,2,"TLAAVRDAKEAA2",1.233465106,0.071289848,608.336401,608.340051,0,608.839647,2,"precursor [M+1]","precursor",1,2,0.2959,0.003653
"peptides1","TLAAVRDAKEAA",608.338226,2,"TLAAVRDAKEAA2",1.233465106,0.071289848,608.336401,608.340051,0,609.340951,2,"precursor [M+2]","precursor",2,3,0.0995,0.003656
"peptides1","TLAAVRDAKEAA",608.338226,2,"TLAAVRDAKEAA2",1.233465106,0.071289848,608.336401,608.340051,0,609.842216,2,"precursor [M+3]","precursor",3,4,0.0256,0.003659
"peptides1","TLAAVRDAKEAA",405.894576,3,"TLAAVRDAKEAA3",1.232079375,0.07372436,405.8933583,405.8957937,0,405.894576,3,"precursor","precursor",0,1,0.5112,0.002435
"peptides1","TLAAVRDAKEAA",405.894576,3,"TLAAVRDAKEAA3",1.232079375,0.07372436,405.8933583,405.8957937,0,406.228857,3,"precursor [M+1]","precursor",1,2,0.2959,0.002437
"peptides1","TLAAVRDAKEAA",405.894576,3,"TLAAVRDAKEAA3",1.232079375,0.07372436,405.8933583,405.8957937,0,406.563059,3,"precursor [M+2]","precursor",2,3,0.0995,0.002439
"peptides1","TLAAVRDAKEAA",405.894576,3,"TLAAVRDAKEAA3",1.232079375,0.07372436,405.8933583,405.8957937,0,406.897236,3,"precursor [M+3]","precursor",3,4,0.0256,0.002441
"peptides1","TLEYFAK",436.231636,2,"TLEYFAK2",1.574629474,0.105600352,436.2303273,436.2329447,0,436.231636,2,"precursor","precursor",0,1,0.5915,0.002617
"peptides1","TLEYFAK",436.231636,2,"TLEYFAK2",1.574629474,0.105600352,436.2303273,436.2329447,0,436.733159,2,"precursor [M+1]","precursor",1,2,0.275,0.00262
"peptides1","TLEYFAK",436.231636,2,"TLEYFAK2",1.574629474,0.105600352,436.2303273,436.2329447,0,437.234525,2,"precursor [M+2]","precursor",2,3,0.0771,0.002623
"peptides1","TLEYFAK",436.231636,2,"TLEYFAK2",1.574629474,0.105600352,436.2303273,436.2329447,0,437.735842,2,"precursor [M+3]","precursor",3,4,0.0161,0.002626
"peptides1","TLLNEKAGA",458.758549,2,"TLLNEKAGA2",1.276652083,0.017665188,458.7571727,458.7599253,0,458.758549,2,"precursor","precursor",0,1,0.601,0.002753
"peptides1","TLLNEKAGA",458.758549,2,"TLLNEKAGA2",1.276652083,0.017665188,458.7571727,458.7599253,0,459.259997,2,"precursor [M+1]","precursor",1,2,0.2601,0.002756
"peptides1","TLLNEKAGA",458.758549,2,"TLLNEKAGA2",1.276652083,0.017665188,458.7571727,458.7599253,0,459.761285,2,"precursor [M+2]","precursor",2,3,0.0723,0.002759
"peptides1","TLLNEKAGA",458.758549,2,"TLLNEKAGA2",1.276652083,0.017665188,458.7571727,458.7599253,0,460.262542,2,"precursor [M+3]","precursor",3,4,0.0152,0.002762
"peptides1","TMLKWGEMQPTAPVFAAGGSR",745.706486,3,"TMLKWGEMQPTAPVFAAGGSR3",2.224820435,0.052373042,745.7042489,745.7087231,0,745.706486,3,"precursor","precursor",0,2,0.2541,0.004474
"peptides1","TMLKWGEMQPTAPVFAAGGSR",745.706486,3,"TMLKWGEMQPTAPVFAAGGSR3",2.224820435,0.052373042,745.7042489,745.7087231,0,746.040771,3,"precursor [M+1]","precursor",1,1,0.3133,0.004476
"peptides1","TMLKWGEMQPTAPVFAAGGSR",745.706486,3,"TMLKWGEMQPTAPVFAAGGSR3",2.224820435,0.052373042,745.7042489,745.7087231,0,746.374698,3,"precursor [M+2]","precursor",2,3,0.2045,0.004478
"peptides1","TMLKWGEMQPTAPVFAAGGSR",745.706486,3,"TMLKWGEMQPTAPVFAAGGSR3",2.224820435,0.052373042,745.7042489,745.7087231,0,746.708526,3,"precursor [M+3]","precursor",3,4,0.0906,0.00448
"peptides1","TMLKWGEMQPTAPVFAAGGSR",745.706486,3,"TMLKWGEMQPTAPVFAAGGSR3",2.224820435,0.052373042,745.7042489,745.7087231,0,747.042314,3,"precursor [M+4]","precursor",4,5,0.0464,0.004482
"peptides1","TNLSGTAEKPR",391.878926,3,"TNLSGTAEKPR3",0.984837895,0.074989379,391.8777504,391.8801016,0,391.878926,3,"precursor","precursor",0,1,0.5287,0.002351
"peptides1","TNLSGTAEKPR",391.878926,3,"TNLSGTAEKPR3",0.984837895,0.074989379,391.8777504,391.8801016,0,392.213196,3,"precursor [M+1]","precursor",1,2,0.2881,0.002353
"peptides1","TNLSGTAEKPR",391.878926,3,"TNLSGTAEKPR3",0.984837895,0.074989379,391.8777504,391.8801016,0,392.547384,3,"precursor [M+2]","precursor",2,3,0.0934,0.002355
"peptides1","TNLSGTAEKPR",391.878926,3,"TNLSGTAEKPR3",0.984837895,0.074989379,391.8777504,391.8801016,0,392.881549,3,"precursor [M+3]","precursor",3,4,0.0233,0.002357
"peptides1","TQQGIENLQPDEAAR",835.410639,2,"TQQGIENLQPDEAAR2",1.434508421,0.015616944,835.4081328,835.4131452,0,835.410639,2,"precursor","precursor",0,1,0.4053,0.005012
"peptides1","TQQGIENLQPDEAAR",835.410639,2,"TQQGIENLQPDEAAR2",1.434508421,0.015616944,835.4081328,835.4131452,0,835.91205,2,"precursor [M+1]","precursor",1,2,0.3128,0.005015
"peptides1","TQQGIENLQPDEAAR",835.410639,2,"TQQGIENLQPDEAAR2",1.434508421,0.015616944,835.4081328,835.4131452,0,836.413364,2,"precursor [M+2]","precursor",2,3,0.1419,0.005018
"peptides1","TQQGIENLQPDEAAR",835.410639,2,"TQQGIENLQPDEAAR2",1.434508421,0.015616944,835.4081328,835.4131452,0,836.914638,2,"precursor [M+3]","precursor",3,4,0.0566,0.005021
"peptides1","TQQGIENLQPDEAAR",835.410639,2,"TQQGIENLQPDEAAR2",1.434508421,0.015616944,835.4081328,835.4131452,0,837.415886,2,"precursor [M+4]","precursor",4,5,0.0146,0.005024
"peptides1","TSAGRHPVSPWGLQTK",431.232502,4,"TSAGRHPVSPWGLQTK4",1.34529381,0.019441315,431.2312083,431.2337957,0,431.232502,4,"precursor","precursor",0,1,0.3728,0.002587
"peptides1","TSAGRHPVSPWGLQTK",431.232502,4,"TSAGRHPVSPWGLQTK4",1.34529381,0.019441315,431.2312083,431.2337957,0,431.483208,4,"precursor [M+1]","precursor",1,2,0.3201,0.002589
"peptides1","TSAGRHPVSPWGLQTK",431.232502,4,"TSAGRHPVSPWGLQTK4",1.34529381,0.019441315,431.2312083,431.2337957,0,431.733881,4,"precursor [M+2]","precursor",2,3,0.1807,0.00259
"peptides1","TSAGRHPVSPWGLQTK",431.232502,4,"TSAGRHPVSPWGLQTK4",1.34529381,0.019441315,431.2312083,431.2337957,0,431.984534,4,"precursor [M+3]","precursor",3,4,0.0642,0.002592
"peptides1","TSAGRHPVSPWGLQTK",431.232502,4,"TSAGRHPVSPWGLQTK4",1.34529381,0.019441315,431.2312083,431.2337957,0,432.235174,4,"precursor [M+4]","precursor",4,5,0.017,0.002593
"peptides1","TTAPAGSDTYR",570.270009,2,"TTAPAGSDTYR2",1.060868182,0.006048927,570.2682982,570.2717198,0,570.270009,2,"precursor","precursor",0,1,0.5379,0.003422
"peptides1","TTAPAGSDTYR",570.270009,2,"TTAPAGSDTYR2",1.060868182,0.006048927,570.2682982,570.2717198,0,570.771441,2,"precursor [M+1]","precursor",1,2,0.2867,0.003425
"peptides1","TTAPAGSDTYR",570.270009,2,"TTAPAGSDTYR2",1.060868182,0.006048927,570.2682982,570.2717198,0,571.272728,2,"precursor [M+2]","precursor",2,3,0.0931,0.003428
"peptides1","TTAPAGSDTYR",570.270009,2,"TTAPAGSDTYR2",1.060868182,0.006048927,570.2682982,570.2717198,0,571.773985,2,"precursor [M+3]","precursor",3,4,0.0232,0.003431
"peptides1","TTGVLTYR",455.753267,2,"TTGVLTYR2",1.372933478,0.066414551,455.7518997,455.7546343,0,455.753267,2,"precursor","precursor",0,1,0.5961,0.002735
"peptides1","TTGVLTYR",455.753267,2,"TTGVLTYR2",1.372933478,0.066414551,455.7518997,455.7546343,0,456.254718,2,"precursor [M+1]","precursor",1,2,0.2642,0.002738
"peptides1","TTGVLTYR",455.753267,2,"TTGVLTYR2",1.372933478,0.066414551,455.7518997,455.7546343,0,456.756023,2,"precursor [M+2]","precursor",2,3,0.0732,0.002741
"peptides1","TTGVLTYR",455.753267,2,"TTGVLTYR2",1.372933478,0.066414551,455.7518997,455.7546343,0,457.257289,2,"precursor [M+3]","precursor",3,4,0.0153,0.002744
"peptides1","TTHVTVVVSEK",400.559193,3,"TTHVTVVVSEK3",1.216846667,0.10514111,400.5579913,400.5603947,0,400.559193,3,"precursor","precursor",0,1,0.5094,0.002403
"peptides1","TTHVTVVVSEK",400.559193,3,"TTHVTVVVSEK3",1.216846667,0.10514111,400.5579913,400.5603947,0,400.893499,3,"precursor [M+1]","precursor",1,2,0.3004,0.002405
"peptides1","TTHVTVVVSEK",400.559193,3,"TTHVTVVVSEK3",1.216846667,0.10514111,400.5579913,400.5603947,0,401.22772,3,"precursor [M+2]","precursor",2,3,0.1022,0.002407
"peptides1","TTHVTVVVSEK",400.559193,3,"TTHVTVVVSEK3",1.216846667,0.10514111,400.5579913,400.5603947,0,401.561915,3,"precursor [M+3]","precursor",3,4,0.0266,0.002409
"peptides1","TVDGPSMKDWR",431.208166,3,"TVDGPSMKDWR3",1.442021304,0.071897451,431.2068724,431.2094596,0,431.208166,3,"precursor","precursor",0,1,0.4653,0.002587
"peptides1","TVDGPSMKDWR",431.208166,3,"TVDGPSMKDWR3",1.442021304,0.071897451,431.2068724,431.2094596,0,431.542444,3,"precursor [M+1]","precursor",1,2,0.2931,0.002589
"peptides1","TVDGPSMKDWR",431.208166,3,"TVDGPSMKDWR3",1.442021304,0.071897451,431.2068724,431.2094596,0,431.876199,3,"precursor [M+2]","precursor",2,3,0.1214,0.002591
"peptides1","TVDGPSMKDWR",431.208166,3,"TVDGPSMKDWR3",1.442021304,0.071897451,431.2068724,431.2094596,0,432.209961,3,"precursor [M+3]","precursor",3,4,0.0165,0.002593
"peptides1","TVGSGVVTVINE",587.819335,2,"TVGSGVVTVINE2",1.815420909,0.012355561,587.8175715,587.8210985,0,587.819335,2,"precursor","precursor",0,1,0.5215,0.003527
"peptides1","TVGSGVVTVINE",587.819335,2,"TVGSGVVTVINE2",1.815420909,0.012355561,587.8175715,587.8210985,0,588.320802,2,"precursor [M+1]","precursor",1,2,0.2961,0.00353
"peptides1","TVGSGVVTVINE",587.819335,2,"TVGSGVVTVINE2",1.815420909,0.012355561,587.8175715,587.8210985,0,588.822125,2,"precursor [M+2]","precursor",2,3,0.0994,0.003533
"peptides1","TVGSGVVTVINE",587.819335,2,"TVGSGVVTVINE2",1.815420909,0.012355561,587.8175715,587.8210985,0,589.323411,2,"precursor [M+3]","precursor",3,4,0.0257,0.003536
"peptides1","TVQPIDVDTIVASVEKTGR",676.703904,3,"TVQPIDVDTIVASVEKTGR3",2.58687,0.023804141,676.7018739,676.7059341,0,676.703904,3,"precursor","precursor",0,2,0.3221,0.00406
"peptides1","TVQPIDVDTIVASVEKTGR",676.703904,3,"TVQPIDVDTIVASVEKTGR3",2.58687,0.023804141,676.7018739,676.7059341,0,677.038206,3,"precursor [M+1]","precursor",1,1,0.3463,0.004062
"peptides1","TVQPIDVDTIVASVEKTGR",676.703904,3,"TVQPIDVDTIVASVEKTGR3",2.58687,0.023804141,676.7018739,676.7059341,0,677.372454,3,"precursor [M+2]","precursor",2,3,0.2036,0.004064
"peptides1","TVQPIDVDTIVASVEKTGR",676.703904,3,"TVQPIDVDTIVASVEKTGR3",2.58687,0.023804141,676.7018739,676.7059341,0,677.706673,3,"precursor [M+3]","precursor",3,4,0.0837,0.004066
"peptides1","TVQPIDVDTIVASVEKTGR",676.703904,3,"TVQPIDVDTIVASVEKTGR3",2.58687,0.023804141,676.7018739,676.7059341,0,678.040873,3,"precursor [M+4]","precursor",4,5,0.0267,0.004068
"peptides1","VAALEGDVLGSYQHGAR",871.944649,2,"VAALEGDVLGSYQHGAR2",1.716057143,0.025112488,871.9420332,871.9472648,0,871.944649,2,"precursor","precursor",0,1,0.3756,0.005232
"peptides1","VAALEGDVLGSYQHGAR",871.944649,2,"VAALEGDVLGSYQHGAR2",1.716057143,0.025112488,871.9420332,871.9472648,0,872.446072,2,"precursor [M+1]","precursor",1,2,0.3187,0.005235
"peptides1","VAALEGDVLGSYQHGAR",871.944649,2,"VAALEGDVLGSYQHGAR2",1.716057143,0.025112488,871.9420332,871.9472648,0,872.947415,2,"precursor [M+2]","precursor",2,3,0.1797,0.005238
"peptides1","VAALEGDVLGSYQHGAR",871.944649,2,"VAALEGDVLGSYQHGAR2",1.716057143,0.025112488,871.9420332,871.9472648,0,873.448716,2,"precursor [M+3]","precursor",3,4,0.0643,0.005241
"peptides1","VAALEGDVLGSYQHGAR",871.944649,2,"VAALEGDVLGSYQHGAR2",1.716057143,0.025112488,871.9420332,871.9472648,0,873.94999,2,"precursor [M+4]","precursor",4,5,0.0173,0.005244
"peptides1","VAIAGSGSQVTVSPR",714.893897,2,"VAIAGSGSQVTVSPR2",1.406436667,0.065433122,714.8917523,714.8960417,0,714.893897,2,"precursor","precursor",0,1,0.4541,0.004289
"peptides1","VAIAGSGSQVTVSPR",714.893897,2,"VAIAGSGSQVTVSPR2",1.406436667,0.065433122,714.8917523,714.8960417,0,715.395315,2,"precursor [M+1]","precursor",1,2,0.3091,0.004292
"peptides1","VAIAGSGSQVTVSPR",714.893897,2,"VAIAGSGSQVTVSPR2",1.406436667,0.065433122,714.8917523,714.8960417,0,715.896633,2,"precursor [M+2]","precursor",2,3,0.1235,0.004295
"peptides1","VAIAGSGSQVTVSPR",714.893897,2,"VAIAGSGSQVTVSPR2",1.406436667,0.065433122,714.8917523,714.8960417,0,716.39791,2,"precursor [M+3]","precursor",3,4,0.0417,0.004298
"peptides1","VAINGFGR",417.235044,2,"VAINGFGR2",1.470061333,0.063408262,417.2337923,417.2362957,0,417.235044,2,"precursor","precursor",0,1,0.6187,0.002503
"peptides1","VAINGFGR",417.235044,2,"VAINGFGR2",1.470061333,0.063408262,417.2337923,417.2362957,0,417.736451,2,"precursor [M+1]","precursor",1,2,0.2532,0.002506
"peptides1","VAINGFGR",417.235044,2,"VAINGFGR2",1.470061333,0.063408262,417.2337923,417.2362957,0,418.237738,2,"precursor [M+2]","precursor",2,3,0.0634,0.002509
"peptides1","VAINGFGR",417.235044,2,"VAINGFGR2",1.470061333,0.063408262,417.2337923,417.2362957,0,418.738988,2,"precursor [M+3]","precursor",3,4,0.0119,0.002512
"peptides1","VAVFTQGANAEAAK",688.862065,2,"VAVFTQGANAEAAK2",1.40024625,0.059395938,688.8599984,688.8641316,0,688.862065,2,"precursor","precursor",0,1,0.4591,0.004133
"peptides1","VAVFTQGANAEAAK",688.862065,2,"VAVFTQGANAEAAK2",1.40024625,0.059395938,688.8599984,688.8641316,0,689.363509,2,"precursor [M+1]","precursor",1,2,0.3118,0.004136
"peptides1","VAVFTQGANAEAAK",688.862065,2,"VAVFTQGANAEAAK2",1.40024625,0.059395938,688.8599984,688.8641316,0,689.864848,2,"precursor [M+2]","precursor",2,3,0.1234,0.004139
"peptides1","VAVFTQGANAEAAK",688.862065,2,"VAVFTQGANAEAAK2",1.40024625,0.059395938,688.8599984,688.8641316,0,690.366144,2,"precursor [M+3]","precursor",3,4,0.0344,0.004142
"peptides1","VDTSSFKL",448.739825,2,"VDTSSFKL2",1.785655238,0.020763651,448.7384788,448.7411712,0,448.739825,2,"precursor","precursor",0,1,0.5992,0.002692
"peptides1","VDTSSFKL",448.739825,2,"VDTSSFKL2",1.785655238,0.020763651,448.7384788,448.7411712,0,449.241321,2,"precursor [M+1]","precursor",1,2,0.2659,0.002695
"peptides1","VDTSSFKL",448.739825,2,"VDTSSFKL2",1.785655238,0.020763651,448.7384788,448.7411712,0,449.742639,2,"precursor [M+2]","precursor",2,3,0.0749,0.002698
"peptides1","VDTSSFKL",448.739825,2,"VDTSSFKL2",1.785655238,0.020763651,448.7384788,448.7411712,0,450.243922,2,"precursor [M+3]","precursor",3,4,0.0159,0.002701
"peptides1","VEGTTPHTITGR",423.557964,3,"VEGTTPHTITGR3",1.108763023,0.053113846,423.5566933,423.5592347,0,423.557964,3,"precursor","precursor",0,1,0.4972,0.002541
"peptides1","VEGTTPHTITGR",423.557964,3,"VEGTTPHTITGR3",1.108763023,0.053113846,423.5566933,423.5592347,0,423.892239,3,"precursor [M+1]","precursor",1,2,0.2988,0.002543
"peptides1","VEGTTPHTITGR",423.557964,3,"VEGTTPHTITGR3",1.108763023,0.053113846,423.5566933,423.5592347,0,424.22644,3,"precursor [M+2]","precursor",2,3,0.1041,0.002545
"peptides1","VEGTTPHTITGR",423.557964,3,"VEGTTPHTITGR3",1.108763023,0.053113846,423.5566933,423.5592347,0,424.560615,3,"precursor [M+3]","precursor",3,4,0.0277,0.002547
"peptides1","VENATPKE",444.227082,2,"VENATPKE2",0.9194029,0.073319808,444.2257493,444.2284147,0,444.227082,2,"precursor","precursor",0,1,0.6156,0.002665
"peptides1","VENATPKE",444.227082,2,"VENATPKE2",0.9194029,0.073319808,444.2257493,444.2284147,0,444.728539,2,"precursor [M+1]","precursor",1,2,0.2531,0.002668
"peptides1","VENATPKE",444.227082,2,"VENATPKE2",0.9194029,0.073319808,444.2257493,444.2284147,0,445.229808,2,"precursor [M+2]","precursor",2,3,0.0698,0.002671
"peptides1","VENATPKE",444.227082,2,"VENATPKE2",0.9194029,0.073319808,444.2257493,444.2284147,0,445.731058,2,"precursor [M+3]","precursor",3,4,0.0146,0.002674
"peptides1","VGDTVIEFDLPLLEEK",908.982575,2,"VGDTVIEFDLPLLEEK2",2.781824762,0.014860546,908.9798481,908.9853019,0,908.982575,2,"precursor","precursor",0,1,0.3486,0.005454
"peptides1","VGDTVIEFDLPLLEEK",908.982575,2,"VGDTVIEFDLPLLEEK2",2.781824762,0.014860546,908.9798481,908.9853019,0,909.484088,2,"precursor [M+1]","precursor",1,2,0.3275,0.005457
"peptides1","VGDTVIEFDLPLLEEK",908.982575,2,"VGDTVIEFDLPLLEEK2",2.781824762,0.014860546,908.9798481,908.9853019,0,909.985505,2,"precursor [M+2]","precursor",2,3,0.1725,0.00546
"peptides1","VGDTVIEFDLPLLEEK",908.982575,2,"VGDTVIEFDLPLLEEK2",2.781824762,0.014860546,908.9798481,908.9853019,0,910.486874,2,"precursor [M+3]","precursor",3,4,0.0747,0.005463
"peptides1","VGDTVIEFDLPLLEEK",908.982575,2,"VGDTVIEFDLPLLEEK2",2.781824762,0.014860546,908.9798481,908.9853019,0,910.98821,2,"precursor [M+4]","precursor",4,5,0.0227,0.005466
"peptides1","VGGSTYQVPVEVRPVRR",475.519433,4,"VGGSTYQVPVEVRPVRR4",1.435571594,0.043781749,475.5180064,475.5208596,0,475.519433,4,"precursor","precursor",0,1,0.339,0.002853
"peptides1","VGGSTYQVPVEVRPVRR",475.519433,4,"VGGSTYQVPVEVRPVRR4",1.435571594,0.043781749,475.5180064,475.5208596,0,475.770137,4,"precursor [M+1]","precursor",1,2,0.3183,0.002855
"peptides1","VGGSTYQVPVEVRPVRR",475.519433,4,"VGGSTYQVPVEVRPVRR4",1.435571594,0.043781749,475.5180064,475.5208596,0,476.02081,4,"precursor [M+2]","precursor",2,3,0.1959,0.002856
"peptides1","VGGSTYQVPVEVRPVRR",475.519433,4,"VGGSTYQVPVEVRPVRR4",1.435571594,0.043781749,475.5180064,475.5208596,0,476.271464,4,"precursor [M+3]","precursor",3,4,0.0754,0.002858
"peptides1","VGGSTYQVPVEVRPVRR",475.519433,4,"VGGSTYQVPVEVRPVRR4",1.435571594,0.043781749,475.5180064,475.5208596,0,476.522106,4,"precursor [M+4]","precursor",4,5,0.0223,0.002859
"peptides1","VGLIAGSGGGSPR",564.312011,2,"VGLIAGSGGGSPR2",1.338022917,0.018129599,564.3103181,564.3137039,0,564.312011,2,"precursor","precursor",0,1,0.5372,0.003386
"peptides1","VGLIAGSGGGSPR",564.312011,2,"VGLIAGSGGGSPR2",1.338022917,0.018129599,564.3103181,564.3137039,0,564.813409,2,"precursor [M+1]","precursor",1,2,0.28,0.003389
"peptides1","VGLIAGSGGGSPR",564.312011,2,"VGLIAGSGGGSPR2",1.338022917,0.018129599,564.3103181,564.3137039,0,565.314693,2,"precursor [M+2]","precursor",2,3,0.0894,0.003392
"peptides1","VGLIAGSGGGSPR",564.312011,2,"VGLIAGSGGGSPR2",1.338022917,0.018129599,564.3103181,564.3137039,0,565.815941,2,"precursor [M+3]","precursor",3,4,0.0214,0.003395
"peptides1","VGTVTPNVAEAVK",642.861534,2,"VGTVTPNVAEAVK2",1.474939577,0.054301966,642.8596054,642.8634626,0,642.861534,2,"precursor","precursor",0,1,0.4842,0.003857
"peptides1","VGTVTPNVAEAVK",642.861534,2,"VGTVTPNVAEAVK2",1.474939577,0.054301966,642.8596054,642.8634626,0,643.362994,2,"precursor [M+1]","precursor",1,2,0.3075,0.00386
"peptides1","VGTVTPNVAEAVK",642.861534,2,"VGTVTPNVAEAVK2",1.474939577,0.054301966,642.8596054,642.8634626,0,643.864336,2,"precursor [M+2]","precursor",2,3,0.1109,0.003863
"peptides1","VGTVTPNVAEAVK",642.861534,2,"VGTVTPNVAEAVK2",1.474939577,0.054301966,642.8596054,642.8634626,0,644.365635,2,"precursor [M+3]","precursor",3,4,0.0305,0.003866
"peptides1","VGTVTPNVAEAVKNAK",533.301783,3,"VGTVTPNVAEAVKNAK3",1.481560714,0.063962037,533.3001831,533.3033829,0,533.301783,3,"precursor","precursor",0,1,0.4073,0.0032
"peptides1","VGTVTPNVAEAVKNAK",533.301783,3,"VGTVTPNVAEAVKNAK3",1.481560714,0.063962037,533.3001831,533.3033829,0,533.636076,3,"precursor [M+1]","precursor",1,2,0.3186,0.003202
"peptides1","VGTVTPNVAEAVKNAK",533.301783,3,"VGTVTPNVAEAVKNAK3",1.481560714,0.063962037,533.3001831,533.3033829,0,533.970309,3,"precursor [M+2]","precursor",2,3,0.1426,0.003204
"peptides1","VGTVTPNVAEAVKNAK",533.301783,3,"VGTVTPNVAEAVKNAK3",1.481560714,0.063962037,533.3001831,533.3033829,0,534.304513,3,"precursor [M+3]","precursor",3,4,0.0531,0.003206
"peptides1","VGTVTPNVAEAVKNAK",533.301783,3,"VGTVTPNVAEAVKNAK3",1.481560714,0.063962037,533.3001831,533.3033829,0,534.638698,3,"precursor [M+4]","precursor",4,5,0.0138,0.003208
"peptides1","VIDLLVDEAKLVEPSKDDSEA",762.396806,3,"VIDLLVDEAKLVEPSKDDSEA3",2.422931364,0.037667413,762.3945188,762.3990932,0,762.396806,3,"precursor","precursor",0,2,0.2783,0.004574
"peptides1","VIDLLVDEAKLVEPSKDDSEA",762.396806,3,"VIDLLVDEAKLVEPSKDDSEA3",2.422931364,0.037667413,762.3945188,762.3990932,0,762.731133,3,"precursor [M+1]","precursor",1,1,0.3362,0.004576
"peptides1","VIDLLVDEAKLVEPSKDDSEA",762.396806,3,"VIDLLVDEAKLVEPSKDDSEA3",2.422931364,0.037667413,762.3945188,762.3990932,0,763.065403,3,"precursor [M+2]","precursor",2,3,0.222,0.004578
"peptides1","VIDLLVDEAKLVEPSKDDSEA",762.396806,3,"VIDLLVDEAKLVEPSKDDSEA3",2.422931364,0.037667413,762.3945188,762.3990932,0,763.399642,3,"precursor [M+3]","precursor",3,4,0.1028,0.00458
"peptides1","VIDLLVDEAKLVEPSKDDSEA",762.396806,3,"VIDLLVDEAKLVEPSKDDSEA3",2.422931364,0.037667413,762.3945188,762.3990932,0,763.73386,3,"precursor [M+4]","precursor",4,5,0.0391,0.004582
"peptides1","VIDQSAEKIVETAKR",422.490076,4,"VIDQSAEKIVETAKR4",1.4130275,0.076560236,422.4888085,422.4913435,0,422.490076,4,"precursor","precursor",0,1,0.3905,0.002535
"peptides1","VIDQSAEKIVETAKR",422.490076,4,"VIDQSAEKIVETAKR4",1.4130275,0.076560236,422.4888085,422.4913435,0,422.740796,4,"precursor [M+1]","precursor",1,2,0.319,0.002536
"peptides1","VIDQSAEKIVETAKR",422.490076,4,"VIDQSAEKIVETAKR4",1.4130275,0.076560236,422.4888085,422.4913435,0,422.99147,4,"precursor [M+2]","precursor",2,3,0.1491,0.002538
"peptides1","VIDQSAEKIVETAKR",422.490076,4,"VIDQSAEKIVETAKR4",1.4130275,0.076560236,422.4888085,422.4913435,0,423.242123,4,"precursor [M+3]","precursor",3,4,0.0602,0.002539
"peptides1","VIDQSAEKIVETAKR",422.490076,4,"VIDQSAEKIVETAKR4",1.4130275,0.076560236,422.4888085,422.4913435,0,423.492762,4,"precursor [M+4]","precursor",4,5,0.0157,0.002541
"peptides1","VKDDLQELAVVESFPTKIEGR",791.76019,3,"VKDDLQELAVVESFPTKIEGR3",2.361621304,0.026249911,791.7578147,791.7625653,0,791.76019,3,"precursor","precursor",0,2,0.2585,0.004751
"peptides1","VKDDLQELAVVESFPTKIEGR",791.76019,3,"VKDDLQELAVVESFPTKIEGR3",2.361621304,0.026249911,791.7578147,791.7625653,0,792.094501,3,"precursor [M+1]","precursor",1,1,0.333,0.004753
"peptides1","VKDDLQELAVVESFPTKIEGR",791.76019,3,"VKDDLQELAVVESFPTKIEGR3",2.361621304,0.026249911,791.7578147,791.7625653,0,792.428768,3,"precursor [M+2]","precursor",2,3,0.2301,0.004755
"peptides1","VKDDLQELAVVESFPTKIEGR",791.76019,3,"VKDDLQELAVVESFPTKIEGR3",2.361621304,0.026249911,791.7578147,791.7625653,0,792.763007,3,"precursor [M+3]","precursor",3,4,0.1103,0.004757
"peptides1","VKDDLQELAVVESFPTKIEGR",791.76019,3,"VKDDLQELAVVESFPTKIEGR3",2.361621304,0.026249911,791.7578147,791.7625653,0,793.097226,3,"precursor [M+4]","precursor",4,5,0.0431,0.004759
"peptides1","VKENEPFDVALRR",524.954606,3,"VKENEPFDVALRR3",1.48159125,0.047793337,524.9530311,524.9561809,0,524.954606,3,"precursor","precursor",0,1,0.4082,0.00315
"peptides1","VKENEPFDVALRR",524.954606,3,"VKENEPFDVALRR3",1.48159125,0.047793337,524.9530311,524.9561809,0,525.288889,3,"precursor [M+1]","precursor",1,2,0.3186,0.003152
"peptides1","VKENEPFDVALRR",524.954606,3,"VKENEPFDVALRR3",1.48159125,0.047793337,524.9530311,524.9561809,0,525.623119,3,"precursor [M+2]","precursor",2,3,0.1407,0.003154
"peptides1","VKENEPFDVALRR",524.954606,3,"VKENEPFDVALRR3",1.48159125,0.047793337,524.9530311,524.9561809,0,525.957321,3,"precursor [M+3]","precursor",3,4,0.0522,0.003156
"peptides1","VKENEPFDVALRR",524.954606,3,"VKENEPFDVALRR3",1.48159125,0.047793337,524.9530311,524.9561809,0,526.291504,3,"precursor [M+4]","precursor",4,5,0.0133,0.003158
"peptides1","VKENEPFDVALRR",393.967774,4,"VKENEPFDVALRR4",1.48016875,0.051518425,393.9665921,393.9689559,0,393.967774,4,"precursor","precursor",0,1,0.4082,0.002364
"peptides1","VKENEPFDVALRR",393.967774,4,"VKENEPFDVALRR4",1.48016875,0.051518425,393.9665921,393.9689559,0,394.218486,4,"precursor [M+1]","precursor",1,2,0.3186,0.002365
"peptides1","VKENEPFDVALRR",393.967774,4,"VKENEPFDVALRR4",1.48016875,0.051518425,393.9665921,393.9689559,0,394.469158,4,"precursor [M+2]","precursor",2,3,0.1407,0.002367
"peptides1","VKENEPFDVALRR",393.967774,4,"VKENEPFDVALRR4",1.48016875,0.051518425,393.9665921,393.9689559,0,394.71981,4,"precursor [M+3]","precursor",3,4,0.0522,0.002368
"peptides1","VKENEPFDVALRR",393.967774,4,"VKENEPFDVALRR4",1.48016875,0.051518425,393.9665921,393.9689559,0,394.970447,4,"precursor [M+4]","precursor",4,5,0.0133,0.00237
"peptides1","VKHLVTVEEK",394.5678,3,"VKHLVTVEEK3",1.054978696,0.128740344,394.5666163,394.5689837,0,394.5678,3,"precursor","precursor",0,1,0.5062,0.002367
"peptides1","VKHLVTVEEK",394.5678,3,"VKHLVTVEEK3",1.054978696,0.128740344,394.5666163,394.5689837,0,394.902108,3,"precursor [M+1]","precursor",1,2,0.3038,0.002369
"peptides1","VKHLVTVEEK",394.5678,3,"VKHLVTVEEK3",1.054978696,0.128740344,394.5666163,394.5689837,0,395.236341,3,"precursor [M+2]","precursor",2,3,0.1025,0.002371
"peptides1","VKHLVTVEEK",394.5678,3,"VKHLVTVEEK3",1.054978696,0.128740344,394.5666163,394.5689837,0,395.570545,3,"precursor [M+3]","precursor",3,4,0.0262,0.002373
"peptides1","VKTVLNQQAGK",395.903183,3,"VKTVLNQQAGK3",1.047806818,0.008197236,395.9019953,395.9043707,0,395.903183,3,"precursor","precursor",0,1,0.5135,0.002375
"peptides1","VKTVLNQQAGK",395.903183,3,"VKTVLNQQAGK3",1.047806818,0.008197236,395.9019953,395.9043707,0,396.237464,3,"precursor [M+1]","precursor",1,2,0.297,0.002377
"peptides1","VKTVLNQQAGK",395.903183,3,"VKTVLNQQAGK3",1.047806818,0.008197236,395.9019953,395.9043707,0,396.571673,3,"precursor [M+2]","precursor",2,3,0.0976,0.002379
"peptides1","VKTVLNQQAGK",395.903183,3,"VKTVLNQQAGK3",1.047806818,0.008197236,395.9019953,395.9043707,0,396.905855,3,"precursor [M+3]","precursor",3,4,0.0245,0.002381
"peptides1","VLDNGEVR",451.240524,2,"VLDNGEVR2",1.105495833,0.009431448,451.2391703,451.2418777,0,451.240524,2,"precursor","precursor",0,1,0.6124,0.002707
"peptides1","VLDNGEVR",451.240524,2,"VLDNGEVR2",1.105495833,0.009431448,451.2391703,451.2418777,0,451.741935,2,"precursor [M+1]","precursor",1,2,0.2516,0.00271
"peptides1","VLDNGEVR",451.240524,2,"VLDNGEVR2",1.105495833,0.009431448,451.2391703,451.2418777,0,452.243191,2,"precursor [M+2]","precursor",2,3,0.0681,0.002713
"peptides1","VLDNGEVR",451.240524,2,"VLDNGEVR2",1.105495833,0.009431448,451.2391703,451.2418777,0,452.744424,2,"precursor [M+3]","precursor",3,4,0.014,0.002716
"peptides1","VLSQVEAYEKVLG",717.895574,2,"VLSQVEAYEKVLG2",2.189541364,0.047857466,717.8934203,717.8977277,0,717.895574,2,"precursor","precursor",0,1,0.4362,0.004307
"peptides1","VLSQVEAYEKVLG",717.895574,2,"VLSQVEAYEKVLG2",2.189541364,0.047857466,717.8934203,717.8977277,0,718.397064,2,"precursor [M+1]","precursor",1,2,0.321,0.00431
"peptides1","VLSQVEAYEKVLG",717.895574,2,"VLSQVEAYEKVLG2",2.189541364,0.047857466,717.8934203,717.8977277,0,718.898447,2,"precursor [M+2]","precursor",2,3,0.1355,0.004313
"peptides1","VLSQVEAYEKVLG",717.895574,2,"VLSQVEAYEKVLG2",2.189541364,0.047857466,717.8934203,717.8977277,0,719.399781,2,"precursor [M+3]","precursor",3,4,0.04,0.004316
"peptides1","VLSQVEAYEKVLG",717.895574,2,"VLSQVEAYEKVLG2",2.189541364,0.047857466,717.8934203,717.8977277,0,719.901084,2,"precursor [M+4]","precursor",4,5,0.0113,0.004319
"peptides1","VNAVGYGESRPVADNATAEGR",711.682162,3,"VNAVGYGESRPVADNATAEGR3",1.279220435,0.016100185,711.680027,711.684297,0,711.682162,3,"precursor","precursor",0,2,0.3118,0.00427
"peptides1","VNAVGYGESRPVADNATAEGR",711.682162,3,"VNAVGYGESRPVADNATAEGR3",1.279220435,0.016100185,711.680027,711.684297,0,712.016432,3,"precursor [M+1]","precursor",1,1,0.3442,0.004272
"peptides1","VNAVGYGESRPVADNATAEGR",711.682162,3,"VNAVGYGESRPVADNATAEGR3",1.279220435,0.016100185,711.680027,711.684297,0,712.350653,3,"precursor [M+2]","precursor",2,3,0.2076,0.004274
"peptides1","VNAVGYGESRPVADNATAEGR",711.682162,3,"VNAVGYGESRPVADNATAEGR3",1.279220435,0.016100185,711.680027,711.684297,0,712.684849,3,"precursor [M+3]","precursor",3,4,0.0871,0.004276
"peptides1","VNAVGYGESRPVADNATAEGR",711.682162,3,"VNAVGYGESRPVADNATAEGR3",1.279220435,0.016100185,711.680027,711.684297,0,713.019029,3,"precursor [M+4]","precursor",4,5,0.0306,0.004278
"peptides1","VSEEYVEKFTNGAVTGK",619.979146,3,"VSEEYVEKFTNGAVTGK3",1.739262609,0.027887016,619.9772861,619.9810059,0,619.979146,3,"precursor","precursor",0,1,0.348,0.00372
"peptides1","VSEEYVEKFTNGAVTGK",619.979146,3,"VSEEYVEKFTNGAVTGK3",1.739262609,0.027887016,619.9772861,619.9810059,0,620.313464,3,"precursor [M+1]","precursor",1,2,0.323,0.003722
"peptides1","VSEEYVEKFTNGAVTGK",619.979146,3,"VSEEYVEKFTNGAVTGK3",1.739262609,0.027887016,619.9772861,619.9810059,0,620.647721,3,"precursor [M+2]","precursor",2,3,0.1925,0.003724
"peptides1","VSEEYVEKFTNGAVTGK",619.979146,3,"VSEEYVEKFTNGAVTGK3",1.739262609,0.027887016,619.9772861,619.9810059,0,620.981948,3,"precursor [M+3]","precursor",3,4,0.0748,0.003726
"peptides1","VSEEYVEKFTNGAVTGK",619.979146,3,"VSEEYVEKFTNGAVTGK3",1.739262609,0.027887016,619.9772861,619.9810059,0,621.316153,3,"precursor [M+4]","precursor",4,5,0.0226,0.003728
"peptides1","VSHLVTVEEK",380.880156,3,"VSHLVTVEEK3",1.166842381,0.008419084,380.8790134,380.8812986,0,380.880156,3,"precursor","precursor",0,1,0.5242,0.002285
"peptides1","VSHLVTVEEK",380.880156,3,"VSHLVTVEEK3",1.166842381,0.008419084,380.8790134,380.8812986,0,381.214466,3,"precursor [M+1]","precursor",1,2,0.2971,0.002287
"peptides1","VSHLVTVEEK",380.880156,3,"VSHLVTVEEK3",1.166842381,0.008419084,380.8790134,380.8812986,0,381.548689,3,"precursor [M+2]","precursor",2,3,0.0975,0.002289
"peptides1","VSHLVTVEEK",380.880156,3,"VSHLVTVEEK3",1.166842381,0.008419084,380.8790134,380.8812986,0,381.882884,3,"precursor [M+3]","precursor",3,4,0.0245,0.002291
"peptides1","VSNTEFR",426.714142,2,"VSNTEFR2",1.11237381,0.008485949,426.7128619,426.7154221,0,426.714142,2,"precursor","precursor",0,1,0.6235,0.00256
"peptides1","VSNTEFR",426.714142,2,"VSNTEFR2",1.11237381,0.008485949,426.7128619,426.7154221,0,427.215566,2,"precursor [M+1]","precursor",1,2,0.2491,0.002563
"peptides1","VSNTEFR",426.714142,2,"VSNTEFR2",1.11237381,0.008485949,426.7128619,426.7154221,0,427.716829,2,"precursor [M+2]","precursor",2,3,0.0652,0.002566
"peptides1","VSNTEFR",426.714142,2,"VSNTEFR2",1.11237381,0.008485949,426.7128619,426.7154221,0,428.218068,2,"precursor [M+3]","precursor",3,4,0.0129,0.002569
"peptides1","VTDEDLVVEIPR",692.869556,2,"VTDEDLVVEIPR2",2.018736667,0.022394225,692.8674774,692.8716346,0,692.869556,2,"precursor","precursor",0,1,0.46,0.004157
"peptides1","VTDEDLVVEIPR",692.869556,2,"VTDEDLVVEIPR2",2.018736667,0.022394225,692.8674774,692.8716346,0,693.371031,2,"precursor [M+1]","precursor",1,2,0.313,0.00416
"peptides1","VTDEDLVVEIPR",692.869556,2,"VTDEDLVVEIPR2",2.018736667,0.022394225,692.8674774,692.8716346,0,693.872383,2,"precursor [M+2]","precursor",2,3,0.1259,0.004163
"peptides1","VTDEDLVVEIPR",692.869556,2,"VTDEDLVVEIPR2",2.018736667,0.022394225,692.8674774,692.8716346,0,694.373691,2,"precursor [M+3]","precursor",3,4,0.0358,0.004166
"peptides1","VTKPEAGHFAK",395.552262,3,"VTKPEAGHFAK3",1.014735644,0.067391569,395.5510753,395.5534487,0,395.552262,3,"precursor","precursor",0,1,0.5006,0.002373
"peptides1","VTKPEAGHFAK",395.552262,3,"VTKPEAGHFAK3",1.014735644,0.067391569,395.5510753,395.5534487,0,395.886559,3,"precursor [M+1]","precursor",1,2,0.3052,0.002375
"peptides1","VTKPEAGHFAK",395.552262,3,"VTKPEAGHFAK3",1.014735644,0.067391569,395.5510753,395.5534487,0,396.220791,3,"precursor [M+2]","precursor",2,3,0.1034,0.002377
"peptides1","VTKPEAGHFAK",395.552262,3,"VTKPEAGHFAK3",1.014735644,0.067391569,395.5510753,395.5534487,0,396.554994,3,"precursor [M+3]","precursor",3,4,0.0264,0.002379
"peptides1","VVGQLGQVLGPR",611.866954,2,"VVGQLGQVLGPR2",1.75075,0.050675927,611.8651184,611.8687896,0,611.866954,2,"precursor","precursor",0,1,0.4962,0.003671
"peptides1","VVGQLGQVLGPR",611.866954,2,"VVGQLGQVLGPR2",1.75075,0.050675927,611.8651184,611.8687896,0,612.368372,2,"precursor [M+1]","precursor",1,2,0.3033,0.003674
"peptides1","VVGQLGQVLGPR",611.866954,2,"VVGQLGQVLGPR2",1.75075,0.050675927,611.8651184,611.8687896,0,612.869699,2,"precursor [M+2]","precursor",2,3,0.1026,0.003677
"peptides1","VVGQLGQVLGPR",611.866954,2,"VVGQLGQVLGPR2",1.75075,0.050675927,611.8651184,611.8687896,0,613.370984,2,"precursor [M+3]","precursor",3,4,0.0262,0.00368
"peptides1","VVLTGPSKDNTPMFVR",880.971821,2,"VVLTGPSKDNTPMFVR2",1.710553158,0.064836236,880.9691781,880.9744639,0,880.971821,2,"precursor","precursor",0,1,0.3492,0.005286
"peptides1","VVLTGPSKDNTPMFVR",880.971821,2,"VVLTGPSKDNTPMFVR2",1.710553158,0.064836236,880.9691781,880.9744639,0,881.473263,2,"precursor [M+1]","precursor",1,2,0.3108,0.005289
"peptides1","VVLTGPSKDNTPMFVR",880.971821,2,"VVLTGPSKDNTPMFVR2",1.710553158,0.064836236,880.9691781,880.9744639,0,881.974238,2,"precursor [M+2]","precursor",2,3,0.1768,0.005292
"peptides1","VVLTGPSKDNTPMFVR",880.971821,2,"VVLTGPSKDNTPMFVR2",1.710553158,0.064836236,880.9691781,880.9744639,0,882.475087,2,"precursor [M+3]","precursor",3,4,0.0636,0.005295
"peptides1","VVLTGPSKDNTPMFVR",880.971821,2,"VVLTGPSKDNTPMFVR2",1.710553158,0.064836236,880.9691781,880.9744639,0,882.975919,2,"precursor [M+4]","precursor",4,5,0.0189,0.005298
"peptides1","VVLTGPSKDNTPMFVR",587.650306,3,"VVLTGPSKDNTPMFVR3",1.71793,0.082413892,587.648543,587.652069,0,587.650306,3,"precursor","precursor",0,1,0.3492,0.003526
"peptides1","VVLTGPSKDNTPMFVR",587.650306,3,"VVLTGPSKDNTPMFVR3",1.71793,0.082413892,587.648543,587.652069,0,587.984601,3,"precursor [M+1]","precursor",1,2,0.3108,0.003528
"peptides1","VVLTGPSKDNTPMFVR",587.650306,3,"VVLTGPSKDNTPMFVR3",1.71793,0.082413892,587.648543,587.652069,0,588.318584,3,"precursor [M+2]","precursor",2,3,0.1768,0.00353
"peptides1","VVLTGPSKDNTPMFVR",587.650306,3,"VVLTGPSKDNTPMFVR3",1.71793,0.082413892,587.648543,587.652069,0,588.652483,3,"precursor [M+3]","precursor",3,4,0.0636,0.003532
"peptides1","VVLTGPSKDNTPMFVR",587.650306,3,"VVLTGPSKDNTPMFVR3",1.71793,0.082413892,587.648543,587.652069,0,588.986371,3,"precursor [M+4]","precursor",4,5,0.0189,0.003534
"peptides1","VYAGNEHNHAAQQPQVLDI",702.011731,3,"VYAGNEHNHAAQQPQVLDI3",1.637555745,0.057175306,702.009625,702.013837,0,702.011731,3,"precursor","precursor",0,2,0.3052,0.004212
"peptides1","VYAGNEHNHAAQQPQVLDI",702.011731,3,"VYAGNEHNHAAQQPQVLDI3",1.637555745,0.057175306,702.009625,702.013837,0,702.346011,3,"precursor [M+1]","precursor",1,1,0.3453,0.004214
"peptides1","VYAGNEHNHAAQQPQVLDI",702.011731,3,"VYAGNEHNHAAQQPQVLDI3",1.637555745,0.057175306,702.009625,702.013837,0,702.680248,3,"precursor [M+2]","precursor",2,3,0.2108,0.004216
"peptides1","VYAGNEHNHAAQQPQVLDI",702.011731,3,"VYAGNEHNHAAQQPQVLDI3",1.637555745,0.057175306,702.009625,702.013837,0,703.014458,3,"precursor [M+3]","precursor",3,4,0.0893,0.004218
"peptides1","VYAGNEHNHAAQQPQVLDI",702.011731,3,"VYAGNEHNHAAQQPQVLDI3",1.637555745,0.057175306,702.009625,702.013837,0,703.34865,3,"precursor [M+4]","precursor",4,5,0.0312,0.00422
"peptides1","VYDYSKFEGEGGAVR",559.60201,3,"VYDYSKFEGEGGAVR3",1.564560952,0.088377032,559.6003312,559.6036888,0,559.60201,3,"precursor","precursor",0,1,0.3817,0.003358
"peptides1","VYDYSKFEGEGGAVR",559.60201,3,"VYDYSKFEGEGGAVR3",1.564560952,0.088377032,559.6003312,559.6036888,0,559.936321,3,"precursor [M+1]","precursor",1,2,0.3234,0.00336
"peptides1","VYDYSKFEGEGGAVR",559.60201,3,"VYDYSKFEGEGGAVR3",1.564560952,0.088377032,559.6003312,559.6036888,0,560.27057,3,"precursor [M+2]","precursor",2,3,0.1552,0.003362
"peptides1","VYDYSKFEGEGGAVR",559.60201,3,"VYDYSKFEGEGGAVR3",1.564560952,0.088377032,559.6003312,559.6036888,0,560.60479,3,"precursor [M+3]","precursor",3,4,0.0631,0.003364
"peptides1","VYDYSKFEGEGGAVR",559.60201,3,"VYDYSKFEGEGGAVR3",1.564560952,0.088377032,559.6003312,559.6036888,0,560.938989,3,"precursor [M+4]","precursor",4,5,0.017,0.003366
"peptides1","VYGGEATAQDKQNKEK",589.295357,3,"VYGGEATAQDKQNKEK3",0.900309217,0.010666637,589.2935891,589.2971249,0,589.295357,3,"precursor","precursor",0,1,0.3783,0.003536
"peptides1","VYGGEATAQDKQNKEK",589.295357,3,"VYGGEATAQDKQNKEK3",0.900309217,0.010666637,589.2935891,589.2971249,0,589.629645,3,"precursor [M+1]","precursor",1,2,0.3174,0.003538
"peptides1","VYGGEATAQDKQNKEK",589.295357,3,"VYGGEATAQDKQNKEK3",0.900309217,0.010666637,589.2935891,589.2971249,0,589.963871,3,"precursor [M+2]","precursor",2,3,0.1788,0.00354
"peptides1","VYGGEATAQDKQNKEK",589.295357,3,"VYGGEATAQDKQNKEK3",0.900309217,0.010666637,589.2935891,589.2971249,0,590.29807,3,"precursor [M+3]","precursor",3,4,0.0645,0.003542
"peptides1","VYGGEATAQDKQNKEK",589.295357,3,"VYGGEATAQDKQNKEK3",0.900309217,0.010666637,589.2935891,589.2971249,0,590.632249,3,"precursor [M+4]","precursor",4,5,0.0176,0.003544
"peptides1","YARGELDPKVN",421.222693,3,"YARGELDPKVN3",1.198753889,0.010366225,421.2214293,421.2239567,0,421.222693,3,"precursor","precursor",0,1,0.4895,0.002527
"peptides1","YARGELDPKVN",421.222693,3,"YARGELDPKVN3",1.198753889,0.010366225,421.2214293,421.2239567,0,421.556984,3,"precursor [M+1]","precursor",1,2,0.3047,0.002529
"peptides1","YARGELDPKVN",421.222693,3,"YARGELDPKVN3",1.198753889,0.010366225,421.2214293,421.2239567,0,421.891202,3,"precursor [M+2]","precursor",2,3,0.1078,0.002531
"peptides1","YARGELDPKVN",421.222693,3,"YARGELDPKVN3",1.198753889,0.010366225,421.2214293,421.2239567,0,422.225393,3,"precursor [M+3]","precursor",3,4,0.0289,0.002533
"peptides1","YTGTEQQHLK",402.20341,3,"YTGTEQQHLK3",0.959773,0.009179918,402.2022034,402.2046166,0,402.20341,3,"precursor","precursor",0,1,0.5082,0.002413
"peptides1","YTGTEQQHLK",402.20341,3,"YTGTEQQHLK3",0.959773,0.009179918,402.2022034,402.2046166,0,402.537702,3,"precursor [M+1]","precursor",1,2,0.299,0.002415
"peptides1","YTGTEQQHLK",402.20341,3,"YTGTEQQHLK3",0.959773,0.009179918,402.2022034,402.2046166,0,402.871914,3,"precursor [M+2]","precursor",2,3,0.102,0.002417
"peptides1","YTGTEQQHLK",402.20341,3,"YTGTEQQHLK3",0.959773,0.009179918,402.2022034,402.2046166,0,403.206101,3,"precursor [M+3]","precursor",3,4,0.0265,0.002419
